Account,Text,Date,Compound,Positive,Neutral,Negative
@BBC,"Hugh Fearnley-Whittingstall is on a mission, asking food producers, restaurants and the government to confront Brit‚Ä¶ https://t.co/EcfjGY9Hqo",04/25/18,-0.178,0.0,0.898,0.102
@BBC,‚òÄÔ∏èüõ∂ How an isolated indigenous community in Ecuador is protecting the Amazon jungle with its first solar powered ca‚Ä¶ https://t.co/yHNXh2C0ZO,04/25/18,-0.153,0.077,0.818,0.105
@BBC,"üå±üçì A man has told of how he 'got his mum back' after a diagnosis of Alzheimer's, in part, by getting her to follow‚Ä¶ https://t.co/Bj8a8iAK61",04/25/18,0.0,0.0,1.0,0.0
@BBC,‚ù§Ô∏èüêø The dating scene is tough when you're a red squirrel... https://t.co/BUTI5sOp3R,04/25/18,-0.128,0.0,0.87,0.13
@BBC,"üêß ü§£ When penguins... HONK!... interrupt... HONK!... your TV interview... HONK!   
#WorldPenguinDay https://t.co/mFUZec36Ne",04/25/18,0.0,0.0,1.0,0.0
@BBC,"RT @BBCOne: .@HughFW is waging a war on waistlines. Tonight, 9pm, BBC One üçî
#BritainsFatFight https://t.co/zYC7BECRw9",04/25/18,-0.599,0.0,0.769,0.231
@BBC,"RT @bbcmusic: OH HI @NiallOfficial üòç 

#SoundsLikeFridayNight https://t.co/Iw2xK5wMj7",04/25/18,0.0,0.0,1.0,0.0
@BBC,"RT @BBC6Music: ""I essentially went to Hogwarts!""
- @SimonPegg reveals how to have the #BiggestWeekend in his hometown of Gloucester.

üé• Lis‚Ä¶",04/25/18,0.0,0.0,1.0,0.0
@BBC,ü§† Never turn your back on a man in a cowboy hat. https://t.co/CBkcugUzBO,04/25/18,0.0,0.0,1.0,0.0
@BBC,RT @BBCBreakfast: Just look at these gorgeous rescued bear cubs üòç https://t.co/2wvTLiA01U,04/25/18,0.778,0.43,0.57,0.0
@BBC,RT @BBCTwo: This penguin swims thousands of miles every year to visit his best friend... üêßüíô #WorldPenguinDay https://t.co/JlrMZ5exRE,04/25/18,0.637,0.198,0.802,0.0
@BBC,Mums have responded to pictures of the Duchess of Cambridge leaving hospital following the birth of her third child‚Ä¶ https://t.co/KQKq2MfdM8,04/25/18,0.0,0.0,1.0,0.0
@BBC,üî•üå∂ Some people just can't handle the heat. https://t.co/bcWeeTB8F1,04/25/18,0.0,0.0,1.0,0.0
@BBC,RT @TWBBC: We made a chatbot. Our chatbot predicts how influential your Instagram pictures will be before you post them. Our chatbot uses m‚Ä¶,04/25/18,0.44,0.116,0.884,0.0
@BBC,üíå This woman will write you a letter when you're going through hard times. https://t.co/6WejY9BcoI,04/25/18,-0.103,0.0,0.896,0.104
@BBC,"üìö From ancient epics to modern novels, some narratives have changed history and influenced the mindsets of generati‚Ä¶ https://t.co/QDcGy8jwXe",04/25/18,0.0,0.0,1.0,0.0
@BBC,"These children on Sal Island in Cape Verde are working hard to clean up their beaches. 
#OurBluePlanet https://t.co/IziZtoSeEp",04/25/18,0.318,0.134,0.796,0.07
@BBC,"A leading divorce lawyer leaves the family firm for a rival, throwing her relationships into turmoil in the process‚Ä¶ https://t.co/AHGrKnYPhA",04/24/18,-0.361,0.0,0.872,0.128
@BBC,"üêúü§ñ By turning ant brains into algorithms, scientists have created robots that navigate without GPS. https://t.co/8qGDjewneC",04/24/18,0.25,0.118,0.882,0.0
@BBC,üò≤ Australian police say they will review how a 12-year-old boy travelled alone to Bali after he had a row with his‚Ä¶ https://t.co/gskGhMaKgN,04/24/18,-0.25,0.0,0.905,0.095
@BBC,RT @bbcwritersroom: Want to get yr first @BBC writing credit? We're running a #Comedy monologue opportunity alongside @bbcmusic @bbcintrodu‚Ä¶,04/24/18,0.691,0.309,0.691,0.0
@BBC,"Queen Victoria was sort of the Darth Vader of the British Empire. 
#CunkOnBritain https://t.co/F4BGHWQtiz",04/24/18,0.0,0.0,1.0,0.0
@BBC,"RT @BBCOne: When divorce is a family affair... 

#TheSplit. Starts tonight at 9pm on @BBCOne. https://t.co/T31iOt0GIx",04/24/18,0.0,0.0,1.0,0.0
@BBC,"RT @BBCTwo: The Battle of Trafalgar really slowed down trade at the Pret a Manger. üòÇüá¨üáß @missdianemorgan #CunkOnBritain
https://t.co/5tkFNfD‚Ä¶",04/24/18,-0.382,0.0,0.867,0.133
@BBC,RT @BBCNews: Gun salute takes place in London for new prince https://t.co/g5AEWrmRec https://t.co/dBoijinHBe,04/24/18,-0.34,0.0,0.833,0.167
@BBC,"ü§¢ü•öThe planet Uranus has clouds made up of hydrogen sulphide, the gas that gives rotten eggs their unpleasant smell,‚Ä¶ https://t.co/WWBR6BuUa3",04/24/18,-0.751,0.0,0.738,0.262
@BBC,"üì∏‚ù§Ô∏è This wedding photo will give you all the feels...

It's by the most committed photographer ever.
üëâ‚Ä¶ https://t.co/BRtArfWGTM",04/24/18,0.338,0.117,0.883,0.0
@BBC,"üê∞ When your pet rabbit has got RAGE issues. 
#NightmarePetsSOS https://t.co/EQF2bAPgIF",04/24/18,-0.652,0.0,0.675,0.325
@BBC,"The faecal transplant, also known as trans-poo-sion, surely has the title of medicine's most disgusting procedure..‚Ä¶ https://t.co/433qH3AFV6",04/24/18,-0.201,0.134,0.695,0.171
@BBC,Cheers! üç¨üçã Sweet maker Gillian shows @NishaKatona how to make her gin and tonic marshmallows. #TopOfTheShop https://t.co/zLqZBO0Hg0,04/24/18,0.75,0.299,0.701,0.0
@BBC,RT @BBCOne: Less than one month to go until the #RoyalWedding!  üë∞ üíë üíçüéâ‚ù§Ô∏è https://t.co/4tpY4OERd0,04/24/18,0.0,0.0,1.0,0.0
@BBC,"RT @bbceurovision: ""May we have your points please?..."" @Rylan prepares the 2018 #Eurovision artists for the all important scoring. ü§£ https‚Ä¶",04/24/18,0.202,0.087,0.913,0.0
@BBC,RT @BBCNewsround: Why is Millicent Fawcett getting her own statue in Parliament Square? https://t.co/e6fNQd9ezH https://t.co/y09ruvrxIT,04/24/18,0.0,0.0,1.0,0.0
@BBC,RT @BBCLookEast: Well done @simonsmarathon who completed the London Marathon late last night - he is the first man to finish the race using‚Ä¶,04/24/18,0.273,0.087,0.913,0.0
@BBC,"RT @BBCGetIn: **DEADLINE ALERT**

Just 4 days left to apply for our Communications Trainee Scheme!

Applications close on Thursday 26th Apr‚Ä¶",04/24/18,0.0,0.0,1.0,0.0
@BBC,‚ù§Ô∏è This make-up artist is using her skills to help scarred women feel beautiful again. https://t.co/BuQ3vMwtPn,04/24/18,0.765,0.32,0.68,0.0
@BBC,"üåàüëÄ Did you know that depending on what language you speak, your eye perceives colours ‚Äì and the world ‚Äì differently‚Ä¶ https://t.co/Q6Cn2rteK3",04/24/18,0.0,0.0,1.0,0.0
@BBC,"‚ÄòI‚Äôm determined to prove the terrorists wrong.‚Äô

Martin was paralysed in the Manchester Arena attack and is now tra‚Ä¶ https://t.co/qTRSdGxBeJ",04/24/18,-0.7,0.09,0.639,0.271
@BBC,"RT @BBCTwo: It's #ShakespearesBirthday so here's Hamlet's famous ""To be or not to be"" speech, performed by Andrew Scott! üìúüé≠üéÇ https://t.co/b‚Ä¶",04/23/18,0.0,0.0,1.0,0.0
@BBC,üë∂üíñ The Duke and Duchess of Cambridge introduce their new son to the world. https://t.co/nmrD1axv6Y,04/23/18,0.0,0.0,1.0,0.0
@BBC,‚úàÔ∏è Do you know how to wear an oxygen mask?  https://t.co/pf8lvubtc9,04/23/18,0.0,0.0,1.0,0.0
@BBC,RT @BBCBreaking: The Duke and Duchess of Cambridge show off new son outside London hospital https://t.co/lGZ2YAK7um #royalbaby https://t.co‚Ä¶,04/23/18,0.0,0.0,1.0,0.0
@BBC,‚ù§Ô∏è The Duke of Cambridge has arrived at hospital with Prince George &amp; Princess Charlotte following birth of their b‚Ä¶ https://t.co/w0QF6vPprS,04/23/18,0.0,0.0,1.0,0.0
@BBC,"üòÇ That time the police busted Mary Berry smuggling ingredients into America‚Ä¶ 
#TheGNShow https://t.co/slxL3klU3h",04/23/18,-0.477,0.0,0.795,0.205
@BBC,"How much do you know about England, the English and the frequently odd things they do and eat? Celebrate‚Ä¶ https://t.co/zCiIrdYYkW",04/23/18,-0.318,0.0,0.892,0.108
@BBC,"How does plastic actually enter our oceans? 
#OurBluePlanet  https://t.co/LdOt9inVFS",04/23/18,0.0,0.0,1.0,0.0
@BBC,RT @BBCNews: #royalbaby: Formal notice of birth displayed on forecourt of Buckingham Palace https://t.co/jU2MrpGseg https://t.co/wWgoKAeFaJ,04/23/18,0.0,0.0,1.0,0.0
@BBC,üê∂‚ù§Ô∏è Australian police have praised a dog for remaining with a three-year-old girl as she spent a night lost in bush‚Ä¶ https://t.co/oGu1MgHiI0,04/23/18,0.226,0.142,0.756,0.102
@BBC,"Beth is a trainee nurse about to start working in A&amp;E. üè•üöë

Can former nurse Una calm her nerves via a hidden earpie‚Ä¶ https://t.co/Z1HXesGbkQ",04/23/18,0.226,0.097,0.844,0.059
@BBC,"üë∂‚ù§Ô∏è It's a boy! 

The Duchess of Cambridge gives birth to her third child, who is fifth in line to throne. 
üëâ‚Ä¶ https://t.co/txzbor7jKG",04/23/18,0.0,0.0,1.0,0.0
@BBC,"Arthur? Albert? Mary? Alice?

As the Duchess of Cambridge goes into labour with her third child, speculation contin‚Ä¶ https://t.co/3a65q968kv",04/23/18,0.0,0.0,1.0,0.0
@BBC,"From Cold War spy station to Europe‚Äôs largest graffiti gallery.
üëâhttps://t.co/gesQ2io25H https://t.co/7FcEBRJepr",04/23/18,-0.599,0.0,0.738,0.262
@BBC,"RT @BBC_Culture: Beyond their literary value, do stories have the power to change the world? @clemencybh #100Stories https://t.co/P5tqktMh0‚Ä¶",04/23/18,0.34,0.124,0.876,0.0
@BBC,"RT @BBCOne: Can @nilerogers &amp; Chic condense a lifetime of music into one minute?
#GigInAMinute on #SoundsLikeFridayNight. https://t.co/IUYj‚Ä¶",04/23/18,0.273,0.116,0.884,0.0
@BBC,RT @bbcthree: This woman will write you a letter when you're going through hard times. https://t.co/A2ZkmvZD9w,04/23/18,-0.103,0.0,0.909,0.091
@BBC,"RT @BBCBreakfast: We're celebrating 20 years of @carolkirkwood on BBC Breakfast! üéÇüéä
Here are just some of her best bits! üôàüòÇ #20yearsofCarol‚Ä¶",04/23/18,0.859,0.298,0.702,0.0
@BBC,üêÆü•õ Is this the future of dairy farming?  https://t.co/goewsyXmgF,04/23/18,0.0,0.0,1.0,0.0
@BBC,"üë∂‚ù§Ô∏è Royal baby on the way!

The Duchess of Cambridge has been admitted to hospital in the early stages of labour wi‚Ä¶ https://t.co/FoLkBUkiwB",04/23/18,0.176,0.071,0.929,0.0
@BBC,RT @BBCBreaking: Duchess of Cambridge has been admitted to hospital in the early stages of labour with her third child https://t.co/ST2R53a‚Ä¶,04/23/18,0.103,0.065,0.935,0.0
@BBC,"Contrary to popular belief, we now hear more diverse voices than ever before and most people do not live in Faceboo‚Ä¶ https://t.co/RLgNf8khvQ",04/23/18,0.421,0.118,0.882,0.0
@BBC,üöÄ Three things you didn‚Äôt know about going to Mars. https://t.co/pOPJz82fXB,04/23/18,0.0,0.0,1.0,0.0
@BBC,"Stand up comedy from halloumi enthusiast and absolute lad @joelycett. üòÇ

That's The Way, A-Ha A-Ha, Joe Lycett | 10‚Ä¶ https://t.co/NHdfQKtLmC",04/22/18,0.612,0.227,0.773,0.0
@BBC,The lives of two half-sisters and their drawing master get caught up in a deadly conspiracy revolving around a ment‚Ä¶ https://t.co/Eczbbv1Xiq,04/22/18,-0.527,0.0,0.841,0.159
@BBC,üòçüêÆ These cows have been let out for the first time in five months. https://t.co/RYBwAENw0L,04/22/18,0.0,0.0,1.0,0.0
@BBC,‚ù§Ô∏èü¶ç Bolingo is learning to enhance his mental and physical wellbeing. https://t.co/PCd1vtd9mD,04/22/18,0.0,0.0,1.0,0.0
@BBC,It's a boy! üòçThe gender of the UK's first polar bear cub to be born in 25 years has been confirmed... now we just n‚Ä¶ https://t.co/ylwMjGfhBs,04/22/18,0.0,0.0,1.0,0.0
@BBC,RT @BBCNewsbeat: During the #LondonMarathon this man proposed to his girlfriend üíç‚ù§Ô∏è https://t.co/k4EHQiRGo7,04/22/18,0.0,0.0,1.0,0.0
@BBC,"No business cards, a focus on ‚Äòlife-life balance‚Äô and an average employee age of 25-years-old‚Ä¶

Is this the younges‚Ä¶ https://t.co/fwXh4t9W84",04/22/18,-0.296,0.0,0.891,0.109
@BBC,"RT @BBC100women: In 1967, @KVSwitzer became the first woman to officially run the Boston Marathon.

Kathrine has gone on to run another 40‚Ä¶",04/22/18,0.0,0.0,1.0,0.0
@BBC,What a legend. üôå https://t.co/0weiFvPGwD,04/22/18,0.0,0.0,1.0,0.0
@BBC,This is how art is helping Beirut recover from the ravages of war. üé®‚ù§Ô∏èÔ∏è https://t.co/BDswK8zvQE https://t.co/YywZCbNWtU,04/22/18,-0.402,0.109,0.697,0.194
@BBC,"RT @BBCOne: Third place AND the British record. 

Go Mo! üôåüôå #LondonMarathon https://t.co/fJs3g0LSwk",04/22/18,0.0,0.0,1.0,0.0
@BBC,"RT @BBCOne: Running: not for everyone. 
#LondonMarathon @bbcsport https://t.co/ZgJ2hPF3K2",04/22/18,0.0,0.0,1.0,0.0
@BBC,Imagine a world where scientists are the people kids dreamed of becoming. üî¨üí°üöÄ @KarenLMasters takes us to her ‚Äúscien‚Ä¶ https://t.co/JYagPrcqhB,04/22/18,0.0,0.0,1.0,0.0
@BBC,"RT @bbcgetinspired: Running 26.2 miles = dedication ‚úÖüíØ

But running it dressed as a minion or a giant rhino? Amazing üòÇ

#LondonMarathon #Ge‚Ä¶",04/22/18,0.586,0.174,0.826,0.0
@BBC,"RT @BBCSport: What a moment for her! After making her marathon debut last year at the age of 33, Kenya's Vivian Cheruiyot has won her first‚Ä¶",04/22/18,0.611,0.143,0.857,0.0
@BBC,"Before her family went into hiding, Anne Frank exchanged letters with a pen pal from America. üíåüëâ‚Ä¶ https://t.co/WPpcqc0o7S",04/22/18,-0.296,0.0,0.879,0.121
@BBC,"RT @bbcgetinspired: 26.2 miles.
40,000 runners.
40,000 reasons to run.

It's the @LondonMarathon!

Live üëâ https://t.co/3dAqQTmdJ1

üì∫ @BBCOn‚Ä¶",04/22/18,0.0,0.0,1.0,0.0
@BBC,"If you thought being transgender was a recent development, the Ancient Greeks have news for you... https://t.co/qxl9lcqC0O",04/22/18,0.0,0.0,1.0,0.0
@BBC,RT @BBCSport: Paula Radcliffe thinks her record is under threat today from Mary Keitany and Tirunesh Dibaba. We'll soon see. They're off an‚Ä¶,04/22/18,-0.527,0.0,0.866,0.134
@BBC,"RT @BBCEngland: üèÉ‚Äç‚ôÄÔ∏è‚òÄÔ∏èüèÉ‚Äç‚ôÇÔ∏è Running the #LondonMarathon today? üèÉ‚Äç‚ôÄÔ∏è‚òÄÔ∏èüèÉ‚Äç‚ôÇÔ∏è

Here's what you need to know about running a marathon in the heat‚Ä¶",04/22/18,0.0,0.0,1.0,0.0
@BBC,"RT @BBCOne: Good luck to everyone running the #LondonMarathon today üôå 

Tune in to live coverage üì∫ @bbcone.
Follow live online with @bbcspo‚Ä¶",04/22/18,0.71,0.237,0.763,0.0
@BBC,How do you put on a world class show when your theatre is surrounded by water? üé≠üé∂üéü https://t.co/SNmeBae451,04/22/18,0.0,0.0,1.0,0.0
@BBC,"üèÉüèÉ‚Äç‚ôÄÔ∏èüëè @GabbyLogan is live at the 38th London Marathon, where world-class runners and thousands of fundraisers are‚Ä¶ https://t.co/fc22DepgVZ",04/22/18,0.0,0.0,1.0,0.0
@BBC,RT @BBCNews: Austin Powers actor Verne Troyer dies aged 49 https://t.co/ongU21oE9A,04/21/18,0.0,0.0,1.0,0.0
@BBC,"RT @BBCOne: Here's a special message to The Queen to wish Her Majesty a Happy Birthday. With @CraigDavid, @ShawnMendes, @TheRealLukevans an‚Ä¶",04/21/18,0.844,0.363,0.637,0.0
@BBC,Shaggy helps the Queen celebrate 92nd birthday! üëë¬†https://t.co/5C4NR4h5f9 https://t.co/jBHBF8ECOh,04/21/18,0.764,0.485,0.515,0.0
@BBC,Fans gather in Stockholm to remember superstar DJ #Avicci. https://t.co/S7pIZbIwpd https://t.co/YD5Wuzaue1,04/21/18,0.0,0.0,1.0,0.0
@BBC,"Tonight, @ShawnMendes, @kylieminogue, @RealSirTomJones and more will perform at a celebration concert for Her Majes‚Ä¶ https://t.co/NweqKaZsdW",04/21/18,0.0,0.0,1.0,0.0
@BBC,üé® Meet the 91-year-old rebel artist who was told he was unteachable. https://t.co/Vyquf7IG49,04/21/18,-0.153,0.0,0.873,0.127
@BBC,‚ù§Ô∏èü¶ç A mother's love. https://t.co/O88T9j69Ga,04/21/18,0.637,0.583,0.417,0.0
@BBC,"üòÇ He's just playing, isn't he?
#Doodlebugs https://t.co/l36pbPp0xO",04/21/18,0.202,0.231,0.769,0.0
@BBC,RT @bbccomedy: But isn't every day #NationalTeaDay? üòúüá¨üáß https://t.co/hopt64YkzD,04/21/18,0.0,0.0,1.0,0.0
@BBC,"üöòüöÜ A man bought a car, taxed and insured it and drove from London to Bristol - all for less than a return train far‚Ä¶ https://t.co/sOaqAT62I9",04/21/18,0.0,0.0,1.0,0.0
@BBC,"RT @bbcmusic: HOW GREAT was @ShawnMendes 'In My Blood' performance? üíï 
Watch in full üëâhttps://t.co/OkASFE8FDB

#SoundsLikeFridayNight https‚Ä¶",04/21/18,0.703,0.244,0.756,0.0
@BBC,"A small cut whilst playing with his dog cost this man his legs and some of his fingers. 

Now he wants to raise awa‚Ä¶ https://t.co/jiLrK4TC53",04/21/18,-0.077,0.069,0.849,0.081
@BBC,"RT @BBCNews: 41-gun salute at Hyde Park marks the Queen's 92nd birthday 

#QueensBirthday 

https://t.co/GSG5Cg0SgW https://t.co/AqLC6PTJQA",04/21/18,0.0,0.0,1.0,0.0
@BBC,RT @BBCNewsround: Happy birthday to the Queen! üéâ See Her Majesty's marvellous outfits üëâhttps://t.co/4weEC55DoU #queensbirthday https://t.co‚Ä¶,04/21/18,0.611,0.222,0.778,0.0
@BBC,From green tea panna cotta to Earl Grey bread: these recipes are the perfect way to celebrate #NationalTeaDay (with‚Ä¶ https://t.co/kv5ZZMQRhE,04/21/18,0.823,0.336,0.664,0.0
@BBC,Find out how Chocolat author @JoanneChocolat's synaesthesia affects her writing - and which colour smells like choc‚Ä¶ https://t.co/yqBCNTQ8Qq,04/21/18,0.361,0.135,0.865,0.0
@CBS,Celebrate #DNADay by letting your forensic flag fly and revisit some classic episodes of @CSI_CBS on CBS All Access‚Ä¶ https://t.co/YCbHDK2r4b,04/25/18,0.572,0.163,0.837,0.0
@CBS,"Get ready for big reveals, dramatic conclusions, and huge guest stars! Find out more about the 2017-2018 season fin‚Ä¶ https://t.co/xcBChnjEvH",04/25/18,0.624,0.221,0.779,0.0
@CBS,Who‚Äôs ready to see these moves? üï∫ Tune in to the @latelateshow‚Äôs Carpool Karaoke Primetime Special TONIGHT at 10/9c! https://t.co/gjrURqXaPN,04/23/18,0.67,0.244,0.756,0.0
@CBS,"The 53rd #ACMawards turned into one big party when @KeithUrban and @juliamichaels performed their upbeat single ""Co‚Ä¶ https://t.co/Q3Zj3EzuNs",04/22/18,0.402,0.137,0.863,0.0
@CBS,A blind date was all it took. Learn more about Meghan Markle and her road to royalty from the people who know her b‚Ä¶ https://t.co/fEAMUblPQ4,04/20/18,-0.402,0.0,0.895,0.105
@CBS,RT @carrieunderwood: ICYMI! Watch Carrie‚Äôs performance of #CryPretty from the #ACMawards below! -TeamCU https://t.co/T9I3ko2xFu,04/20/18,0.0,0.0,1.0,0.0
@CBS,There's a new addition to the cast of the upcoming revival of Murphy Brown!  Learn more about Tyne Daly's character‚Ä¶ https://t.co/ijSXSLyDaR,04/19/18,0.0,0.0,1.0,0.0
@CBS,"Country superstar @LukeBryanOnline delivers his moving anthem ""Most People Are Good"" at the 53rd #ACMawards:‚Ä¶ https://t.co/GhhAsEDqmq",04/19/18,0.488,0.174,0.826,0.0
@CBS,"Coming to CBS All Access June 14, #StrangeAngel is inspired by the real life story of Jack Parsons and explores the‚Ä¶ https://t.co/IsPrXRNXye",04/19/18,0.494,0.132,0.868,0.0
@CBS,When you realize there are TWO episodes of @CrimMinds_CBS tonight! üëè Who‚Äôs ready for the double-episode season fina‚Ä¶ https://t.co/CWVAHHeIGr,04/18/18,0.42,0.141,0.859,0.0
@CBS,Giving you even more reasons to celebrate! üéâ See which CBS series are back for another year: https://t.co/O2LI0eJXTA https://t.co/H436kL1jSK,04/18/18,0.769,0.294,0.706,0.0
@CBS,"Watch country star @blakeshelton belt out his beautiful ballad ""I Lived It"" at the 53rd #AMCawards:‚Ä¶ https://t.co/w0WRmpQ6fk",04/18/18,0.599,0.196,0.804,0.0
@CBS,RT @joshgroban: I AM SO HAPPY I COULD CRY BUT ITS MIDNIGHT IN JAPAN SO I WILL SLEEP BUT ‚ÄºÔ∏è‚ÄºÔ∏è‚ÄºÔ∏è‚ÄºÔ∏èüë´üèÜüé≠üò≠üîú #TonyAwards2018 https://t.co/NLss47K6‚Ä¶,04/18/18,0.09,0.14,0.736,0.125
@CBS,Broadway stars @SaraBareilles and @joshgroban will host @TheTonyAwards on June 10! Hear how these multi-talented ar‚Ä¶ https://t.co/jy52FKd7t0,04/18/18,0.0,0.0,1.0,0.0
@CBS,Can you believe it‚Äôs been 11 years since @taylorswift13‚Äôs first-ever performance at the #ACMawards?! Look back at t‚Ä¶ https://t.co/QHSPuJLLFb,04/17/18,0.0,0.0,1.0,0.0
@CBS,Waiting for the @ScorpionCBS season finale to start like‚Ä¶ Tune in at 10/9c! https://t.co/peoDXtO707,04/16/18,0.0,0.0,1.0,0.0
@CBS,Cast your vote! #ACMawards https://t.co/57ZN5gr6Y1,04/16/18,0.0,0.0,1.0,0.0
@CBS,RT @CBSTweet: #CBSRatingsNews: #ACMawards Dominate on #CBS.  Over 12 million Total Viewers.  +11% year to year increase!  Biggest audience‚Ä¶,04/16/18,0.271,0.123,0.806,0.071
@CBS,"In case you missed it, watch the entire #ACMawards now: https://t.co/P3pgMJE2oh https://t.co/OOG2R0Mb4J",04/16/18,-0.296,0.0,0.833,0.167
@CBS,Relive a night of all-star country music performances and epic wins at the #ACMawards. Stream the entire show:‚Ä¶ https://t.co/iA3SMVIhpA,04/16/18,0.572,0.179,0.821,0.0
@CBS,Multiple ACM Award Winners @KeithUrban and @carrieunderwood just added one more trophy to their collection with the‚Ä¶ https://t.co/rMGCzOeJQK,04/16/18,0.765,0.292,0.708,0.0
@CBS,That's a wrap for the 53rd #ACMawards! üé¨ https://t.co/jM0HKud3d6,04/16/18,0.0,0.0,1.0,0.0
@CBS,"To all of tonight's nominees, we tip our hats to you! ü§† #ACMawards https://t.co/eytEezfIgS",04/16/18,0.0,0.0,1.0,0.0
@CBS,Retweet if you think @carrieunderwood looks beautiful tonight! #ACMawards https://t.co/sqefiLBcXd,04/16/18,0.636,0.318,0.682,0.0
@CBS,"In case you missed any, here's a rundown of all the performers from Country Music's Party of the Year¬Æ:‚Ä¶ https://t.co/KtRKXkUpmI",04/16/18,0.128,0.123,0.776,0.1
@CBS,The #ACMawards crowd was roaring for Vocal Event Of The Year winners @KeithUrban and @carrieunderwood! Here is the‚Ä¶ https://t.co/rFB5f2lVo7,04/16/18,0.525,0.159,0.841,0.0
@CBS,RT @AmberLee_RN: Anyone else crying from that @Jason_Aldean acceptance speech?! Wow! Congrats Jason! #vegasstrong #ACMawards,04/16/18,0.839,0.44,0.437,0.123
@CBS,"Put your hands up for Entertainer of the Year, @Jason_Aldean! üôå #ACMawards https://t.co/QLFrrsyU8R",04/16/18,0.439,0.208,0.792,0.0
@CBS,RT @min_d24: Love how @LukeBryanOnline was straight fan girling on @reba and @kelly_clarkson tonight on the #ACMawards! Y'all #killedit,04/16/18,0.827,0.352,0.648,0.0
@CBS,"Was that ""A-sharp"" performance by @reba and @kelly_clarkson or what!? üéº #ACMawards https://t.co/19pDyrELqC",04/16/18,0.0,0.0,1.0,0.0
@CBS,The news keeps getting better and better. @ChrisStapleton deserves a standing ovation tonight! He wins again for Ma‚Ä¶ https://t.co/6m7nZFwPyK,04/16/18,0.869,0.395,0.605,0.0
@CBS,RT @MattBoveHS: Most People Are Good is such a powerful song #ACMawards @LukeBryanOnline,04/16/18,0.715,0.374,0.626,0.0
@CBS,We have our #ACMawards Female Vocalist of the Year: @mirandalambert! üëè https://t.co/Xu7WPuv1f2,04/16/18,0.0,0.0,1.0,0.0
@CBS,"Without this talented group of women, @mirandalambert @reba @MarenMorris @KelseaBallerini and @carrieunderwood, lif‚Ä¶ https://t.co/Zwqh2PAdM1",04/16/18,0.511,0.202,0.798,0.0
@CBS,RT @ElizabethGilbe3: @carrieunderwood never disappoints! What an amazing voice and beautiful soul! #ACMawards #girlcrush,04/16/18,0.888,0.488,0.512,0.0
@CBS,RT @SarahJPrimo: I could listen to Dan and Shay all day  #ACMawards,04/16/18,0.0,0.0,1.0,0.0
@CBS,RT @MegsMouthful: @carrieunderwood Just WOW. Can‚Äôt wait to hear more of your new music! #ACMawards,04/16/18,0.703,0.256,0.744,0.0
@CBS,Hugs for @CarrieUnderwood and @KeithUrban's big win for Vocal Event of the Year! #ACMawards https://t.co/nn2XJ6nCSi,04/16/18,0.807,0.359,0.641,0.0
@CBS,Always be yourself. Unless you can be @carrieunderwood. Then be Carrie Underwood! #ACMawards #CryPretty https://t.co/32n0QJ1FLD,04/16/18,0.0,0.0,1.0,0.0
@CBS,"RT @VeldmanKylie: Carrie Underwood gives me chills everytime she performs, she always kills it üî•‚ù§ #ACMawards",04/16/18,-0.542,0.0,0.811,0.189
@CBS,Hands up for @littlebigtown at the #ACMawardsüôå https://t.co/o8YFtpGLfK,04/16/18,0.0,0.0,1.0,0.0
@CBS,RT @reba: So good to see my friend Eve twice this week! @therealeve @acmawards #acmawards https://t.co/a6LxEaQt8L,04/16/18,0.771,0.323,0.677,0.0
@CBS,See all the amazing red carpet looks from the 53rd #ACMawards: https://t.co/ZeZiMXphFK https://t.co/Gi79cuuVPm,04/16/18,0.586,0.241,0.759,0.0
@CBS,RT @maddymika_: the ACM awards are the BEST night of the year üòçüòçüòç‚ù£Ô∏è‚ù£Ô∏è‚ù£Ô∏è #ACMAwards,04/16/18,0.837,0.398,0.602,0.0
@CBS,üö® Sound the alarm because @mirandalambert is on FIRE üî• at the #ACMawards! https://t.co/11vshBs4EV,04/16/18,-0.703,0.0,0.632,0.368
@CBS,RT @Skylar_Jean: @mirandalambert can do NO wrong. She is perfection. #ACMawards,04/16/18,-0.325,0.209,0.451,0.34
@CBS,RT @EmilyyBruorton: @mirandalambert is my all time favorite üî•#ACMAwards #keeperoftheflame #thebest,04/16/18,0.459,0.231,0.769,0.0
@CBS,Hats off to @Jason_Aldean! ü§† #ACMawards https://t.co/1WSjnafKoX,04/16/18,0.0,0.0,1.0,0.0
@CBS,RT @alyssaa711: Country music just brings so much joy to my heart ‚ù§Ô∏è #ACMawards,04/16/18,0.622,0.239,0.761,0.0
@CBS,"She may hate love songs, but @KelseaBallerini knows how to write a great one. üíï Give her a round of applause for th‚Ä¶ https://t.co/r50viWNM0Z",04/16/18,0.891,0.382,0.543,0.075
@CBS,The feeling when you win Vocal Group of the Year at the #ACMawards üéâ Congratulations to @OldDominion! https://t.co/4SjYLtwLXy,04/16/18,0.859,0.404,0.596,0.0
@CBS,RT @LouisianaNashie: Way to go Old Dominion #acmawards,04/16/18,0.0,0.0,1.0,0.0
@CBS,There's nothing in the world like that performance by @KeithUrban and @juliamichaels. Nicole Kidman agrees!‚Ä¶ https://t.co/VlwVUkNZCi,04/16/18,0.42,0.157,0.843,0.0
@CBS,RT @AbigailRamage: @reba is slaying the game! Loving her outfits and her puns. She is absolutely stunning!! My all time fave ‚ù§Ô∏è‚ù§Ô∏è #ACMAwards,04/16/18,0.89,0.346,0.654,0.0
@CBS,"First-ever #ACMAwards winner @BrettYoungMusic stuns the crowd with an incredible performance of his hit, ""In Case Y‚Ä¶ https://t.co/ftoksP7HrZ",04/16/18,0.599,0.234,0.766,0.0
@CBS,RT @tiffstarr16: ACM awards are my favorite time of the yearüòç #ACMawards,04/16/18,0.718,0.375,0.625,0.0
@CBS,RT @adelleborchetta: Loooove this song!!! @kanebrown and @Lauren_Alaina #WhatIfs #ACMAwards üòç‚ù§Ô∏èüéâ,04/16/18,0.0,0.0,1.0,0.0
@CBS,RT @kel_lee213: That Kane Brown performance üòçü§©üëè #kanebrown #whatif #ACMawards #country,04/16/18,0.0,0.0,1.0,0.0
@CBS,"What if you were made for us, and we were made for you!? ‚ù§Ô∏è How much did you love @kanebrown and @Lauren_Alaina's d‚Ä¶ https://t.co/xiZQ5wgddc",04/16/18,0.67,0.163,0.837,0.0
@CBS,What a performance! @gwenstefani was all smiles when @blakeshelton was on stage. #ACMawards https://t.co/yxbA1DbieE,04/16/18,0.525,0.22,0.78,0.0
@CBS,RT @wendyjo3: #ACMawards loved that @blakeshelton performance!!,04/16/18,0.669,0.428,0.572,0.0
@CBS,"Making her first-ever appearance at the #ACMAwards, @BebeRexha performs her chart-topping collaboration with‚Ä¶ https://t.co/u1KXKrCbdD",04/16/18,0.0,0.0,1.0,0.0
@CBS,This song by @ladyantebellum sounds like the single for the summer! üé∂ #ACMawards https://t.co/81aj1vqFYh,04/16/18,0.42,0.189,0.811,0.0
@CBS,RT @42nagirl: Lady Antebellum is perfection. #ACMawards,04/16/18,0.572,0.381,0.619,0.0
@CBS,"Hot off the presses! Congratulations on your win and your newborn twins, @ChrisStapleton ! #ACMawards https://t.co/4e9qhxMN69",04/16/18,0.851,0.389,0.611,0.0
@CBS,RT @_miracarrara: #ACMawards I am so happy ‚ÄúTin Man‚Äù won song of the year. amazingüòç@mirandalambert,04/16/18,0.857,0.413,0.587,0.0
@CBS,RT @TheAmelieAnna: Yaaas! @mirandalambert congrats on #Tinman winning! #ACMAwards,04/16/18,0.812,0.513,0.487,0.0
@CBS,Congratulations to @mirandalambert for her #ACMawards win for Song of the Year! https://t.co/pucK1Us49R,04/16/18,0.84,0.421,0.579,0.0
@CBS,Looks like @BebeRexha and @FLAGALine are ‚ÄúMeant To Be‚Äù at the #ACMawards! üé∂ https://t.co/0RvqyJ9geh,04/16/18,0.42,0.189,0.811,0.0
@CBS,RT @AlliCat028: Loving the show so far. @ChrisYoungMusic rocked it and of course @reba is perfect. @ACMawards #ACMAwards,04/16/18,0.823,0.322,0.678,0.0
@CBS,RT if you loved that amazing performance of ‚ÄúRich‚Äù by @MarenMorris üí∏ #ACMawards https://t.co/3FeWpdOSl6,04/16/18,0.827,0.412,0.588,0.0
@CBS,"Give a round of applause for the #ACMawards host, @reba! üëè https://t.co/ilIBWn6VIn",04/16/18,0.475,0.256,0.744,0.0
@CBS,RT @JustinPlummer15: Laid up in bed with my dog watching the #ACMAwards is the best way to spend Sunday night üëåüèª,04/16/18,0.637,0.174,0.826,0.0
@CBS,Get ready to see your favorite country stars light up the night. The #ACMawards start NOW! https://t.co/SCf66kSWxT,04/15/18,0.7,0.279,0.721,0.0
@CBS,Kick your boots off and stream the 53rd #ACMawards in 30 minutes on CBS All Access: https://t.co/sdTTidJYre https://t.co/pyi23nBPSH,04/15/18,0.0,0.0,1.0,0.0
@CBS,Tonight's the night! Tune in at 8/7c to see @reba and all your favorite country artists take Vegas by storm at the‚Ä¶ https://t.co/UlPpES5eN8,04/15/18,0.509,0.13,0.87,0.0
@CBS,The anticipation is real. Just three hours away from the 53rd #ACMawards! Tune in at 8/7c on CBS All Access:‚Ä¶ https://t.co/9os3PJ4pyQ,04/15/18,0.176,0.078,0.922,0.0
@CBS,"Are you ready to party with @dariusrucker in a few hours at the #ACMawards? Watch the show LIVE at 8/7c on CBS, or‚Ä¶ https://t.co/xAGKgZFRoD",04/15/18,0.637,0.198,0.802,0.0
@CBS,Look out for @LukeBryanOnline's performance tonight at the 53rd #ACMawards! https://t.co/dgxgsfj5Hg,04/15/18,0.0,0.0,1.0,0.0
@CBS,Are you as excited for the #ACMawards as @KelseaBallerini? This Female Vocalist Of The Year nominee is taking the s‚Ä¶ https://t.co/JSj5jGH25H,04/14/18,0.34,0.107,0.893,0.0
@CBS,Watch @Jason_Aldean and @ThomasRhett take a break from rehearsals to spend quality time with Route 91 Survivors.‚Ä¶ https://t.co/TiDfaYxJUm,04/14/18,0.0,0.0,1.0,0.0
@CBS,Country's brightest stars like @ThomasRhett are ready to pour their hearts out during their performances tomorrow n‚Ä¶ https://t.co/m3zOG8M8lw,04/14/18,0.84,0.375,0.625,0.0
@CBS,You‚Äôre invited to Country Music's Party of the Year¬Æ! Here's everything you need to know before watching the 53rd‚Ä¶ https://t.co/Xr4iamFD7t,04/14/18,0.457,0.136,0.864,0.0
@CBS,Get excited! @NCIS_CBS has been renewed for Season 16. https://t.co/JnL0D0vMsV,04/13/18,0.4,0.23,0.77,0.0
@CBS,What goes into putting on an extraordinary show like the 53rd #ACMawards? Head behind the scenes with the executive‚Ä¶ https://t.co/2sFRfYNAku,04/13/18,0.361,0.116,0.884,0.0
@CBS,Enjoy this #FlashbackFriday revisiting @ThomasRhett @KaceyMusgraves and more of country's biggest names for their f‚Ä¶ https://t.co/cnCQBnP1xI,04/13/18,0.494,0.176,0.824,0.0
@CBS,"Host of the 53rd #ACMawards @reba is ready for ""family, friends, and getting together"" this Sunday! https://t.co/y25ZipnL32",04/13/18,0.709,0.282,0.718,0.0
@CBS,It's almost time for Broadway's Biggest Night! @katharinemcphee and @leslieodomjr are set to announce nominations f‚Ä¶ https://t.co/oHbuSD5ijc,04/13/18,0.0,0.0,1.0,0.0
@CBS,"In two days, Vocal Group Of The Year nominee @ladyantebellum will be serenading fans from the 53rd #ACMawards stage‚Ä¶ https://t.co/ku9cnef29x",04/13/18,0.0,0.0,1.0,0.0
@CBS,"In just a few days, country superstar @KeithUrban will take center stage with @juliamichaels to perform his new sin‚Ä¶ https://t.co/he6TsePMgA",04/12/18,0.0,0.0,1.0,0.0
@CBS,Country star @MarenMorris lit up the stage in honor of @eltonofficial and she's about to belt it out again at the 5‚Ä¶ https://t.co/OkGaL9MlB2,04/12/18,0.494,0.127,0.873,0.0
@CBS,"Comedian, actor, and global superstar @KevinHart4real will host CBS‚Äô new TV competition TKO: TOTAL KNOCK OUT! Learn‚Ä¶ https://t.co/0XfMAoakDM",04/12/18,0.439,0.145,0.855,0.0
@CBS,You may be surprised to learn some of your favorite TV stars have deep southern roots and a love for country music.‚Ä¶ https://t.co/rCoNVI0qeT,04/12/18,0.844,0.324,0.676,0.0
@CBS,RT @TheTalkCBS: WATCH: @Reba McEntire AND @kelly_clarkson will be singing a duet together at the #ACMs! Check out which song they chose üëç h‚Ä¶,04/11/18,0.0,0.0,1.0,0.0
@CBS,"This Sunday night, @carrieunderwood will be taking the stage to share her soon-to-be-released single live at the 53‚Ä¶ https://t.co/NRS6RAaKZK",04/11/18,0.296,0.109,0.891,0.0
@CBS,"Pets‚Äîyou can't help but love 'em! Celebrate #NationalPetDay with more sweet, unexpected moments between Frasier and‚Ä¶ https://t.co/o4gNRN42su",04/11/18,0.681,0.338,0.449,0.213
@CBS,"Today, 53rd #ACMawards host @reba will be answering fan questions when she takes to Facebook Live. Be sure to tune‚Ä¶ https://t.co/vsSjAPFW1Z",04/11/18,0.557,0.195,0.805,0.0
@CBS,"Country stars @JonPardi, @OfficialJackson, and more to perform ""ACM Flashbacks"" at the 53rd #ACMawards. Learn more‚Ä¶ https://t.co/z2KEo3PVUN",04/11/18,0.0,0.0,1.0,0.0
@CBS,"A superstar like @eltonofficial calls for a spectacular night of unforgettable performances, touching tributes, and‚Ä¶ https://t.co/079TjUD6zh",04/11/18,0.361,0.161,0.839,0.0
@CBS,"For more #EltonSalute GIFs, head over to @GIPHY. https://t.co/OEsSrtq46j",04/11/18,0.0,0.0,1.0,0.0
@CNN,"General Electric was blasted by workers, retirees and shareholders bemoaning the downfall of the company they love‚Ä¶ https://t.co/fAARRwrAa4",04/25/18,0.0,0.0,1.0,0.0
@CNN,"Now it‚Äôs time for your questions. Hear what former FBI Director James Comey has to say in a live town hall tonight,‚Ä¶ https://t.co/UyYHtJE8k7",04/25/18,0.0,0.0,1.0,0.0
@CNN,"We're in Sacramento, California, where authorities are expected to announce the arrest of a suspect in the decades-‚Ä¶ https://t.co/OhmGMu1HYa",04/25/18,-0.557,0.0,0.777,0.223
@CNN,"""Dr. (Ronny) Jackson's record as a White House physician has been impeccable,"" WH press secretary Sarah Sanders sai‚Ä¶ https://t.co/6j4zpDaXyg",04/25/18,0.0,0.0,1.0,0.0
@CNN,Hospitals may soon have to post prices for patients online https://t.co/Un6qsULG9z https://t.co/Yfeoqnbo9p,04/25/18,0.0,0.0,1.0,0.0
@CNN,"CNN's Jim Acosta: Are you trying to say that this administration is a champion of free press?
Press secretary Sarah‚Ä¶ https://t.co/U9GC0gNpmo",04/25/18,0.802,0.286,0.714,0.0
@CNN,"In a week of awful news, these three heroes stepped up https://t.co/z1ajdn7AiA https://t.co/AZpNhfwTVa",04/25/18,0.077,0.202,0.613,0.184
@CNN,"Trump's VA Secretary nominee Ronny Jackson ""has undergone four separate background checks,"" says White House press‚Ä¶ https://t.co/TBOMDY3DEe",04/25/18,0.0,0.0,1.0,0.0
@CNN,How Trump's travel ban motivated some Muslim Americans to run for office https://t.co/MQ8kNNSmPH https://t.co/W605c8bodq,04/25/18,-0.153,0.161,0.645,0.194
@CNN,The Nashville-area Waffle House where a gunman killed four people over the weekend reopened its doors this morning‚Ä¶ https://t.co/T1rDCVpNV1,04/25/18,-0.67,0.0,0.791,0.209
@CNN,"Sarah Sanders addresses questions about the vetting process for Trump's VA pick, Ronny Jackson‚Ä¶ https://t.co/94JAJiQOQ0",04/25/18,0.0,0.0,1.0,0.0
@CNN,"White House press secretary Sarah Sanders is holding a briefing.

Watch on CNN: https://t.co/Q7yGNtMtjy

Follow liv‚Ä¶ https://t.co/zXDH4AA7RN",04/25/18,0.0,0.0,1.0,0.0
@CNN,A man was threatening to jump off an overpass so these truckers parked underneath to break his fall‚Ä¶ https://t.co/tvVl84HjQI,04/25/18,-0.527,0.0,0.833,0.167
@CNN,You can now set your Gmail messages to expire or protect them with a passcode https://t.co/CrTuDpdZt5,04/25/18,0.382,0.157,0.843,0.0
@CNN,The FDA is re-examining the safety of a medication that was approved despite concerns that not enough was known abo‚Ä¶ https://t.co/UQ6SWsAktP,04/25/18,0.681,0.237,0.763,0.0
@CNN,Just how big is the Democratic wave going to be this fall? | Analysis by @CillizzaCNN https://t.co/AgH7lzL5uS https://t.co/weJkHyvq1c,04/25/18,0.0,0.0,1.0,0.0
@CNN,"Former President George H.W. Bush is doing much better, a source close to the Bush family says, days after the 41st‚Ä¶ https://t.co/DxYG0mpzpb",04/25/18,0.44,0.127,0.873,0.0
@CNN,The Supreme Court has released audio of oral arguments in the challenge of the Trump administration's travel ban:‚Ä¶ https://t.co/2D1HoTS0pF,04/25/18,0.296,0.208,0.678,0.114
@CNN,"Hank Azaria says his ""eyes have been opened"" and he's willing to ""step aside"" from playing his controversial ""Simps‚Ä¶ https://t.co/FScHNbqHI4",04/25/18,0.0,0.083,0.833,0.083
@CNN,A person believed to be the so-called Golden State Killer wanted in a series of homicides and rapes going back deca‚Ä¶ https://t.co/s0nXrAXjGW,04/25/18,-0.869,0.0,0.672,0.328
@CNN,Nickelodeon is bringing back 'Double Dare' https://t.co/DVCe7PWEBC https://t.co/c4K4nemQ6t,04/25/18,0.0,0.0,1.0,0.0
@CNN,"After a series of high-profile clashes with President Trump, former FBI Director James Comey will answer questions‚Ä¶ https://t.co/VgBSKcSQkl",04/25/18,0.0,0.0,1.0,0.0
@CNN,"Dallas police officer Rogelio Santander died this morning, a day after he was shot at a Home Depot, according to po‚Ä¶ https://t.co/cN2xVuVy3N",04/25/18,-0.557,0.0,0.841,0.159
@CNN,Amazon has launched a new service in 37 US cities that delivers packages to the trunk of your car‚Ä¶ https://t.co/sjyJyc2rMg,04/25/18,0.296,0.158,0.842,0.0
@CNN,"A new study suggests the atmosphere on the planet Uranus is composed of hydrogen sulfide, the same molecule that ma‚Ä¶ https://t.co/tJhwuXdzDi",04/25/18,0.0,0.0,1.0,0.0
@CNN,"In a week of awful news, these three heroes stepped up https://t.co/IRmO4czPGd https://t.co/AnmqqmL8bA",04/25/18,0.077,0.202,0.613,0.184
@CNN,The Nashville-area Waffle House where a gunman killed four people over the weekend reopened its doors this morning‚Ä¶ https://t.co/97wOaXpdfK,04/25/18,-0.67,0.0,0.791,0.209
@CNN,"""My parents came here in search of the American dream... I got into public service to protect that"": More than 90 M‚Ä¶ https://t.co/IIf8anSwm0",04/25/18,0.382,0.11,0.89,0.0
@CNN,The next wave of teacher walkouts and demonstrations is about to begin. Here's where dissatisfied teachers are taki‚Ä¶ https://t.co/lYYGerHvx7,04/25/18,-0.511,0.0,0.798,0.202
@CNN,"More than 150 severe bleeding cases, four fatal, have been tied to synthetic cannabinoids use.

Synthetic cannabino‚Ä¶ https://t.co/1OHsldQWH7",04/25/18,-0.748,0.0,0.715,0.285
@CNN,"French President Emmanuel Macron, addressing a joint session of Congress: ‚ÄúWe have to work together‚Ä¶ let us work to‚Ä¶ https://t.co/Gkwlm6sJPi",04/25/18,0.0,0.0,1.0,0.0
@CNN,Mark Zuckerberg survived 10 hours of grilling by nearly 100 members of Congress. Now he must face Wall Street‚Ä¶ https://t.co/QY0y1Cu1Hj,04/25/18,0.511,0.148,0.852,0.0
@CNN,"Five national news organizations, including CNN, are asking a federal court to unseal records from the criminal cas‚Ä¶ https://t.co/V7dW7EiLNg",04/25/18,-0.527,0.0,0.833,0.167
@CNN,"Disney World is hiring 3,500 people ahead of its busy summer season https://t.co/Aru3Hv0XJ9 https://t.co/5bLnWiAfHb",04/25/18,0.0,0.0,1.0,0.0
@CNN,Mick Mulvaney just said the swampiest thing ever | Analysis by @CillizzaCNN https://t.co/JqvghB9kU7 https://t.co/7Uf3jCdvVp,04/25/18,0.0,0.0,1.0,0.0
@CNN,"Despite all the kisses and handshakes, the Trump-Macron bromance isn't impressing the French https://t.co/QSVdjd0fvh https://t.co/ZalbjmxfuD",04/25/18,0.115,0.172,0.679,0.149
@CNN,French President Emmanuel Macron is addressing a joint meeting of Congress following two days of talks with Preside‚Ä¶ https://t.co/fKefejqUR2,04/25/18,0.0,0.0,1.0,0.0
@CNN,It's a great time to jump into the job market. New hires are getting paid 5% more than they were a year ago‚Ä¶ https://t.co/jG3kjIWu7K,04/25/18,0.625,0.163,0.837,0.0
@CNN,"""My parents came here in search of the American dream... I got into public service to protect that"": More than 90 M‚Ä¶ https://t.co/KzzWF7EqrH",04/25/18,0.382,0.11,0.89,0.0
@CNN,Hospitals may soon have to post prices for patients online https://t.co/sT4iOlyYsm https://t.co/yy1IFXxN0K,04/25/18,0.0,0.0,1.0,0.0
@CNN,The Supreme Court is poised to hear arguments on the legality of a third version of Trump's original travel ban and‚Ä¶ https://t.co/VBTbSEmZP3,04/25/18,0.153,0.262,0.53,0.209
@CNN,"Under 16? Sorry, you're now banned from WhatsApp in Europe https://t.co/H99Dun4jqw https://t.co/t6sQ2PzMZE",04/25/18,-0.511,0.0,0.699,0.301
@CNN,A man was threatening to jump off an overpass so these truckers parked underneath to break his fall‚Ä¶ https://t.co/5GAJdLjMUk,04/25/18,-0.527,0.0,0.833,0.167
@CNN,An Indian court has sentenced self-proclaimed Indian spiritual guru Asaram Bapu to life imprisonment for raping a 1‚Ä¶ https://t.co/rXttfrFU6t,04/25/18,-0.71,0.0,0.731,0.269
@CNN,"For one moment, Trump sounded like he just wanted to walk away from it all | Analysis by @zbyronwolf¬†‚Ä¶ https://t.co/nl48So3fCT",04/25/18,0.361,0.122,0.878,0.0
@CNN,"RT @CNNnewsroom: Sen. John Tester on VA nominee Ronny Jackson: ""The reports that we have heard is that he treated the people above him very‚Ä¶",04/25/18,0.0,0.0,1.0,0.0
@CNN,Two Dallas police officers and a civilian shot at a Home Depot are fighting for their lives https://t.co/lWFekqNqZv,04/25/18,-0.361,0.0,0.857,0.143
@CNN,"In a week of awful news, these three heroes stepped up https://t.co/ZYZMbpWCUo https://t.co/PfGyPTvcc7",04/25/18,0.077,0.202,0.613,0.184
@CNN,Get ready for the world's longest nonstop flight: Almost 20 hours https://t.co/SfRnTYNfO4 https://t.co/3O6pGeH8Fe,04/25/18,0.361,0.172,0.828,0.0
@CNN,Trump keeps saying the US has spent $7 trillion in the Middle East | Analysis by @zbyronwolf https://t.co/c05Q3Dl7Qy https://t.co/mLpCDB5vpb,04/25/18,0.0,0.0,1.0,0.0
@CNN,Twitter posted its second consecutive profitable quarter ‚Äî and it's adding users https://t.co/Nqbdt9nRmU https://t.co/UT3IekO1Ko,04/25/18,0.44,0.195,0.805,0.0
@CNN,Melania Trump masters the moment https://t.co/gQz9CrgNRN https://t.co/IQJiKtLzZm,04/25/18,0.0,0.0,1.0,0.0
@CNN,It all started with a phone¬†call. CEO¬†@JulieSweet tells @PoppyHarlowCNN why she took a risk and left her job as par‚Ä¶ https://t.co/BfoIjRj9OV,04/25/18,-0.273,0.0,0.905,0.095
@CNN,The big legal issue buried in the travel ban case https://t.co/DcCfTXQrt5 https://t.co/GnOcPkmXGn,04/25/18,-0.477,0.099,0.662,0.238
@CNN,"""My parents came here in search of the American dream... I got into public service to protect that"": More than 90 M‚Ä¶ https://t.co/QyOxCCeVR8",04/25/18,0.382,0.11,0.89,0.0
@CNN,Stocks are set to fall for the sixth straight day https://t.co/IsWMuuT9cu https://t.co/XovmWIixRR,04/25/18,0.226,0.147,0.853,0.0
@CNN,Hospitals may soon have to post prices for patients online https://t.co/rZLKQdXNDQ https://t.co/SzeyzyRG4i,04/25/18,0.0,0.0,1.0,0.0
@CNN,Why James Comey is not done with Donald Trump | Analysis by @StCollinson https://t.co/TwOWbOnqXu https://t.co/cwCxfgKTOI,04/25/18,0.0,0.0,1.0,0.0
@CNN,The man accused of killing four people at a Nashville-area Waffle House erased his laptop's hard drive weeks before‚Ä¶ https://t.co/IsuHT9qK8m,04/25/18,-0.791,0.0,0.667,0.333
@CNN,The Supreme Court is poised to hear arguments on the legality of a third version of Trump's original travel ban and‚Ä¶ https://t.co/M5T3afGtOh,04/25/18,0.153,0.262,0.53,0.209
@CNN,"Meet the new Gmail, now with disappearing messages https://t.co/f1E4mYXk0u https://t.co/eIoWWTNooq",04/25/18,0.0,0.0,1.0,0.0
@CNN,"RT @NewDay: Trump's travel ban heads to the Supreme Court today. @LauraAJarrett says, ""The big question is: Do they hand Trump a victory th‚Ä¶",04/25/18,0.494,0.224,0.658,0.118
@CNN,"5 things for Wednesday:

- White House
- Ronny Jackson
- Immigration
- Toronto van attack
- Yemen‚Ä¶ https://t.co/HxVqNxi5Zu",04/25/18,-0.477,0.0,0.795,0.205
@CNN,A man was threatening to jump off an overpass so these truckers parked underneath to break his fall‚Ä¶ https://t.co/W4hZcHcAuq,04/25/18,-0.527,0.0,0.833,0.167
@CNN,"During an overseas trip in 2015, Rear Adm. Ronny Jackson, the White House physician, was intoxicated and banged on‚Ä¶ https://t.co/aWwsSkiEr8",04/25/18,0.0,0.0,1.0,0.0
@CNN,An Indian court has sentenced self-proclaimed Indian spiritual guru Asaram Bapu to life imprisonment for raping a 1‚Ä¶ https://t.co/IF9VMjWog0,04/25/18,-0.71,0.0,0.731,0.269
@CNN,"In a week of awful news, these three heroes stepped up https://t.co/ci4xWmAMXC https://t.co/iOZRwvm5x3",04/25/18,0.077,0.202,0.613,0.184
@CNN,Toronto police are still trying to determine whether the van attack suspect's frustrations with women contributed t‚Ä¶ https://t.co/5AA9W9chzj,04/25/18,-0.727,0.0,0.724,0.276
@CNN,Get ready for the world's longest nonstop flight: Almost 20 hours https://t.co/YIIVlBmQoz https://t.co/qfDQFAu1D3,04/25/18,0.361,0.172,0.828,0.0
@CNN,Another federal judge has overruled the Trump administration's efforts to end the DACA program -- this time saying‚Ä¶ https://t.co/70Tb8fld7H,04/25/18,0.0,0.0,1.0,0.0
@CNN,"Shortly before he allegedly killed 10 pedestrians on Monday, the Toronto van attack suspect may have praised a mass‚Ä¶ https://t.co/9SCiJFeeR6",04/25/18,-0.765,0.114,0.536,0.35
@CNN,MSNBC pushes findings that support Joy Reid's claim of fabricated homophobic blog posts https://t.co/qw34MHG0cs https://t.co/zGQS0geOKr,04/25/18,0.758,0.333,0.667,0.0
@CNN,The hands did the talking during Macron's visit | GIF analysis by Brenna Williams https://t.co/LnUmXca7tG https://t.co/nsATZSvKhR,04/25/18,0.0,0.0,1.0,0.0
@CNN,These mysterious Arctic ice holes have NASA scientists puzzled https://t.co/d8VOS8eJI5 https://t.co/qHD64X7chI,04/25/18,-0.178,0.0,0.855,0.145
@CNN,Philadelphia rapper Meek Mill has been released from prison https://t.co/x9hB07b0jU https://t.co/OKBfyCVDC7,04/25/18,-0.511,0.0,0.752,0.248
@CNN,"Nude butts, crime confessions and bullying: Facebook has clarified exactly what you're not allowed to post, and the‚Ä¶ https://t.co/bCZ6Tfxg46",04/25/18,-0.813,0.0,0.697,0.303
@CNN,"Busloads of Central American migrants have arrived in the Mexican border city Tijuana, and more are coming.

But it‚Ä¶ https://t.co/qVjwGZz9Qr",04/25/18,0.0,0.0,1.0,0.0
@CNN,"Former FBI Director James Comey's book tour has stirred up some backlash, but one week after the book launch, ""A Hi‚Ä¶ https://t.co/6QaUXxksqy",04/25/18,0.0,0.0,1.0,0.0
@CNN,Democratic Sen. Jon Tester says embattled Veterans Affairs nominee Ronny Jackson was known for handing out prescrip‚Ä¶ https://t.co/B6qCRObcxa,04/25/18,0.0,0.0,1.0,0.0
@CNN,Canada shows the world the right way to face up to evil | By Andrew Cohen via @CNNOpinion https://t.co/22TbvHFis0 https://t.co/O4pSormuD4,04/25/18,-0.66,0.0,0.804,0.196
@CNN,The complete guest list for President Donald Trump's first state dinner https://t.co/HC0LyKdAwt https://t.co/CfTj6gAqZs,04/25/18,0.0,0.0,1.0,0.0
@CNN,A young US serviceman injured in Afghanistan was the recipient of the world's first successful total penis and scro‚Ä¶ https://t.co/TKIwgSCPcy,04/25/18,0.273,0.162,0.723,0.115
@CNN,The story behind that viral photo of the past 4 presidents all in the same place https://t.co/2CX3B7ahNY https://t.co/pMzkEGnHkU,04/25/18,0.0,0.0,1.0,0.0
@CNN,Trump keeps saying the US has spent $7 trillion in the Middle East | Analysis by CNN's Z. Byron Wolf‚Ä¶ https://t.co/fDyUfnt4ef,04/25/18,0.0,0.0,1.0,0.0
@CNN,"A judge has approved the release of actress Allison Mack on a $5 million bond, days after the former ""Smallville"" s‚Ä¶ https://t.co/aYTx4SA1di",04/25/18,0.421,0.128,0.872,0.0
@CNN,"US President Donald Trump on French President Emmanuel Macron: ""They're all saying what a great relationship we hav‚Ä¶ https://t.co/SRlWyomFDE",04/25/18,0.625,0.194,0.806,0.0
@CNN,Trump is trolling his political enemies with pardons | Analysis by @zbyronwolf¬†https://t.co/cyFiii9LzZ https://t.co/B0jw4TZBiZ,04/25/18,-0.25,0.134,0.671,0.195
@CNN,Cheap wine is about to get a lot more expensive https://t.co/Zt0dLkzNHC https://t.co/CYmQyhbt7U,04/25/18,0.0,0.0,1.0,0.0
@CNN,"""Shoot me in the head!"" the Toronto suspect yelled. The officer refused. https://t.co/LjxKUbROBf",04/25/18,-0.726,0.0,0.585,0.415
@CNN,Why NRA supporters are blowing up their expensive YETI coolers https://t.co/utbHZGJhjC https://t.co/ZjGGlzvgpx,04/25/18,0.44,0.209,0.791,0.0
@CNN,Melania Trump masters the moment https://t.co/Ul4xsk4Rhq https://t.co/pQrJeHkh7e,04/25/18,0.0,0.0,1.0,0.0
@CNN,"During an overseas trip in 2015, Rear Adm. Ronny Jackson, the White House physician, was intoxicated and banged on‚Ä¶ https://t.co/IuCrReGT15",04/25/18,0.0,0.0,1.0,0.0
@CNN,Student-run publications band together for a #SaveStudentNewsrooms campaign https://t.co/fEc3cITQB2 https://t.co/FDJf7105eY,04/25/18,0.0,0.0,1.0,0.0
@CNN,A video animation detailing the Parkland shooter's path through the school was played during a meeting of the Marjo‚Ä¶ https://t.co/h9gSI7QuM4,04/25/18,0.34,0.124,0.876,0.0
@CNN,"A teen made a ""promposal"" that included a joke that ""if I was black I'd be picking cotton."" It immediately sparked‚Ä¶ https://t.co/LNSLGSrsxx",04/25/18,0.296,0.115,0.885,0.0
@CNN,"Medical marijuana could save many people addicted to opioids, @drsanjaygupta says. Read his open letter to Attorney‚Ä¶ https://t.co/7HAbdcUW4I",04/25/18,0.494,0.158,0.842,0.0
@CNN,Republicans are projected to win the special election in Arizona's 8th Congressional District -- but once again Dem‚Ä¶ https://t.co/HyiYfBLud3,04/25/18,0.502,0.2,0.8,0.0
@CNN,"The first statue of a woman in Britain's Parliament Square has been unveiled. 

It honors suffragist leader Millice‚Ä¶ https://t.co/NoepjBkeOz",04/25/18,0.511,0.163,0.837,0.0
@CNN,North Korea is dependent on China for trade and diplomatic support -- but now Beijing fears Pyongyang is moving out‚Ä¶ https://t.co/PI9rzWGzwN,04/25/18,-0.431,0.075,0.774,0.151
@CNN,MSNBC pushes findings that support Joy Reid's claim of fabricated homophobic blog posts https://t.co/gEFix6CqVh https://t.co/32jZRcYLe7,04/25/18,0.758,0.333,0.667,0.0
@FoxNews,"Scott Pruitt's time as EPA administrator dogged by questions about first-class travel, pay raises https://t.co/MA2D6zFWSW",04/25/18,-0.103,0.0,0.909,0.091
@FoxNews,"Moments ago, President @realDonaldTrump responded to music icon @kanyewest, who today said that he loves the presid‚Ä¶ https://t.co/vMQWHFb49D",04/25/18,0.572,0.179,0.821,0.0
@FoxNews,"Earlier, @VP tweeted his praise for French President @EmmanuelMacron and the bond between the U.S. and France.‚Ä¶ https://t.co/xhHijwPmAH",04/25/18,0.557,0.175,0.825,0.0
@FoxNews,"Bill Clinton 'casually encouraged' Trump to run for president before 2016 race: book - via @brookefoxnews 
https://t.co/aog2Jay3rr",04/25/18,0.494,0.231,0.769,0.0
@FoxNews,"‚ÄúThis really is the most prolific unsolved serial murder case in modern history.‚Äù 

Trace Gallagher reports on the‚Ä¶ https://t.co/TBR0lVBs2Q",04/25/18,-0.691,0.0,0.793,0.207
@FoxNews,"RT @FoxBusiness: Amazon, Google trading suspended on NYSE, proceeding elsewhere https://t.co/YGD29oeh3x",04/25/18,-0.34,0.123,0.652,0.225
@FoxNews,Fmr. President @GeorgeHWBush's office released a statement today that says he has been moved out of the ICU. Doctor‚Ä¶ https://t.co/040EJH9ult,04/25/18,0.0,0.0,1.0,0.0
@FoxNews,"Las Vegas shooting survivors engaged, expected to wed this summer https://t.co/NvfFZgCayu",04/25/18,0.402,0.213,0.787,0.0
@FoxNews,Former President George H.W. Bush has been moved out of the ICU and is improving after being admitted for an infect‚Ä¶ https://t.co/zyLfSVv6I9,04/25/18,0.494,0.174,0.826,0.0
@FoxNews,Today the U.S. Supreme Court heard arguments over the Trump administration travel ban. @ShannonBream is outside the‚Ä¶ https://t.co/u8off7I8UO,04/25/18,-0.402,0.145,0.602,0.253
@FoxNews,".@PressSec: ""The focus of this travel ban has been on safety and security."" https://t.co/duYSVhN8BN",04/25/18,-0.202,0.152,0.652,0.196
@FoxNews,RT @FoxBusiness: Trump's travel ban sees support from Supreme Court's conservative majority https://t.co/WCuq3zIqRr https://t.co/yzRbWnCgLY,04/25/18,0.402,0.301,0.526,0.172
@FoxNews,RT @FoxBusiness: Sen. Bernie Sanders pushes plan to guarantee every American a job https://t.co/AFh3O0xh6P https://t.co/qBTHNZBprA,04/25/18,0.25,0.133,0.867,0.0
@FoxNews,"RT @FoxBusiness: .@Judgenap: ""This is a vote on whether or not the Constitution permits the @POTUS on the basis of info made known to him b‚Ä¶",04/25/18,0.0,0.0,1.0,0.0
@FoxNews,".@PressSec on a federal judge ordering the White House to continue DACA: ""This ruling is good news for smuggling or‚Ä¶ https://t.co/TPLwbCRjvv",04/25/18,-0.052,0.121,0.75,0.129
@FoxNews,".@PressSec on North Korea negotiations: ""We think that the maximum pressure campaign is working, but again we're no‚Ä¶ https://t.co/Ac1RfW6Wlc",04/25/18,-0.153,0.0,0.918,0.082
@FoxNews,".@PressSec to @JohnRobertsFox on allegations facing the VA Secretary nominee: ""Dr. Jackson's record as a White Hous‚Ä¶ https://t.co/nTrVp2j9e2",04/25/18,0.0,0.0,1.0,0.0
@FoxNews,"RT @BretBaier: Attention all @FoxNews fans in #WestVirginia-- @marthamaccallum &amp; I will host a debate in Morgantown Tuesday, May 1st on #Fo‚Ä¶",04/25/18,0.0,0.0,1.0,0.0
@FoxNews,.@PressSec Sarah Sanders holds a briefing at the @WhiteHouse https://t.co/YfWLvYYpR5,04/25/18,0.0,0.0,1.0,0.0
@FoxNews,".@SenBobCorker on the Iran deal: ""I've long thought unless something changes, [@POTUS] will pull out."" https://t.co/Xnd1Gw5Dhp",04/25/18,0.0,0.0,1.0,0.0
@FoxNews,2-year-old motorist uses McDonald's drive-thru and Ronald ain't lovin' it https://t.co/y71qh5vX5K,04/25/18,0.0,0.0,1.0,0.0
@FoxNews,"Love triangle ends in murder-suicide with 'blood everywhere' as disguised wife guns down mistress, cops say https://t.co/TCRuJz18rc",04/25/18,0.477,0.197,0.704,0.099
@FoxNews,"Morgan Freeman's step-granddaughter spoke about 'grandpa feelings' before her murder, text messages reveal https://t.co/5CNpYodKtb",04/25/18,-0.691,0.0,0.734,0.266
@FoxNews,".@SenatorCardin: ""I opposed the Iran Deal, but I think it would be a mistake for the United States to unilaterally‚Ä¶ https://t.co/x6RiQetFrA",04/25/18,0.153,0.155,0.714,0.13
@FoxNews,Ronan Farrow says Hillary Clinton almost bailed on scheduled interview over his Harvey Weinstein reporting https://t.co/VRQ9PKT8Y7,04/25/18,0.0,0.0,1.0,0.0
@FoxNews,"Golden State Killer suspect arrested in California, reports say (via @RyanGaydos) https://t.co/IYMoCkcKAO",04/25/18,-0.863,0.0,0.484,0.516
@FoxNews,".@RepMikeCoffman: ""If [Ronny Jackson's] not going to be tough in cleaning house, he will fail in this job.""‚Ä¶ https://t.co/XSMqOXz679",04/25/18,-0.612,0.0,0.773,0.227
@FoxNews,Government's war on pizza? Looming ObamaCare menu rule has restaurant owners worried https://t.co/21i2aIlVbm,04/25/18,-0.765,0.0,0.568,0.432
@FoxNews,"MUST SEE: Tune in to @BretBaier's interview with former FBI Director James @Comey, Thursday at 6p ET on Fox News Ch‚Ä¶ https://t.co/XdTnldazhO",04/25/18,0.0,0.0,1.0,0.0
@FoxNews,Truckers line up under Michigan overpass to save suicidal man who threatened to jump (via @travfed)  https://t.co/0NRG8jP9gX,04/25/18,-0.649,0.13,0.567,0.304
@FoxNews,"Moments ago, in a tweet-storm assailing ""traditional thinkers"" and praising ""free thinkers,"" music icon @kanyewest‚Ä¶ https://t.co/A2Kt6selNG",04/25/18,0.778,0.343,0.657,0.0
@FoxNews,Florida fisherman catches 120-pound ‚Äògranddaddy of all catfish' (via @MaddieFarberUDK)   https://t.co/1gynS39UJ8,04/25/18,0.0,0.0,1.0,0.0
@FoxNews,"Marie Harf: ""Republicans are having to spend money in places that they shouldn't have to."" #Outnumbered https://t.co/Mph5dD4NJ7",04/25/18,0.0,0.0,1.0,0.0
@FoxNews,".@MelissaAFrancis: ""There is a lot of energy on both sides. Everybody is fired up."" #Outnumbered https://t.co/LWiiXAqmCx",04/25/18,-0.361,0.112,0.695,0.193
@FoxNews,Customer in cowboy hat helps thwart armed robbery at Monterrey butcher shop (via @luciasuarezsang)  https://t.co/siA4vwuo0r,04/25/18,0.382,0.157,0.843,0.0
@FoxNews,".@MelissaAFrancis: ""We've made no headway on the VA... These are service-men and women who deserve the best care.""‚Ä¶ https://t.co/pnDJV3cGbU",04/25/18,0.459,0.179,0.726,0.094
@FoxNews,"Under Macron, France nudges out Britain as Trump's favored ally (via @AdamShawNY)  https://t.co/Mn314eKiTg",04/25/18,0.421,0.189,0.811,0.0
@FoxNews,".@Judgenap: ""The government says that Congress has given @POTUS the ability to suspend immigration from any country‚Ä¶ https://t.co/AsW88SwVhQ",04/25/18,0.0,0.112,0.777,0.112
@FoxNews,Supreme Court hears arguments on @POTUS's travel ban; @ShannonBream reports. https://t.co/4jDoKYg2hU,04/25/18,-0.402,0.201,0.447,0.352
@FoxNews,"Moments ago, former President @GeorgeHWBush tweeted a thanks to those who helped facilitate his late wife's funeral. https://t.co/dudjDmiDUG",04/25/18,0.103,0.142,0.735,0.123
@FoxNews,"Maine officer shot and killed by suspect who stole his car, robbed store (via @travfed)  https://t.co/x7iDKJ6Hga",04/25/18,-0.772,0.0,0.676,0.324
@FoxNews,Video shows ex-Clinton aide in profanity-laced confrontation with cops https://t.co/g6gorhmYAM,04/25/18,-0.318,0.0,0.796,0.204
@FoxNews,".@EmmanuelMacron: ""Long live the friendship between France and the United States of America!"" https://t.co/UceG3bsTTW",04/25/18,0.718,0.333,0.667,0.0
@FoxNews,".@EmmanuelMacron: ""What we cherish is at stake. What we love is in danger. We have no choice but to prevail and tog‚Ä¶ https://t.co/PbPCOnFs4T",04/25/18,0.153,0.162,0.699,0.14
@FoxNews,".@EmmanuelMacron: ""Better than anyone, our troops, I think, know what the alliance and friendship between our count‚Ä¶ https://t.co/nyDyvGKXHG",04/25/18,0.7,0.279,0.721,0.0
@FoxNews,".@EmmanuelMacron: ""The United States and France together with the United Kingdom acted to destroy chemical faciliti‚Ä¶ https://t.co/VxAePI2jLl",04/25/18,0.273,0.242,0.606,0.152
@FoxNews,".@EmmanuelMacron: ""France will not leave the JCPOA, because we signed it."" https://t.co/Jxmjk3NnoU",04/25/18,0.038,0.095,0.905,0.0
@FoxNews,".@EmmanuelMacron: ""Iran shall never possess any nuclear weapons. Not now. Not in 5 years. Not in 10 years. Never."" https://t.co/scFSz3pTTQ",04/25/18,-0.44,0.0,0.861,0.139
@FoxNews,It's the interview America's been waiting for -- Former FBI Director James @Comey sits down with @BretBaier on Fox‚Ä¶ https://t.co/5bZjIwXpLD,04/25/18,0.0,0.0,1.0,0.0
@FoxNews,".@EmmanuelMacron: ""To protect our democracies, we have to fight against the ever-growing virus of fake news."" https://t.co/6uvSazFD3n",04/25/18,-0.477,0.117,0.628,0.256
@FoxNews,".@EmmanuelMacron: ""I'm sure one day the United States will come back and join the Paris Agreement."" https://t.co/EjsOqKhPqS",04/25/18,0.743,0.343,0.657,0.0
@FoxNews,".@EmmanuelMacron: ""There is no Planet B."" https://t.co/MQVgViHDL1",04/25/18,-0.296,0.0,0.732,0.268
@FoxNews,".@EmmanuelMacron: ""I believe in building a better future for our children which requires offering them a planet tha‚Ä¶ https://t.co/WBGDE8kZkQ",04/25/18,0.44,0.153,0.847,0.0
@FoxNews,".@EmmanuelMacron: ""Our middle classes are the backbone of our democracies."" https://t.co/6GjnNKp9Hb",04/25/18,0.0,0.0,1.0,0.0
@FoxNews,".@EmmanuelMacron: ""We need a free and fair trade for sure."" https://t.co/5PjdKeZfFo",04/25/18,0.681,0.412,0.588,0.0
@FoxNews,".@EmmanuelMacron: ""I believe in the liberation of the individual and in the freedom and responsibility of everyone‚Ä¶ https://t.co/6P8VvgshJK",04/25/18,0.637,0.198,0.802,0.0
@FoxNews,".@EmmanuelMacron: ""Human rights, the rights of minorities, and shared liberty are the true answers to the disorders‚Ä¶ https://t.co/r0LaKBDUvx",04/25/18,0.823,0.364,0.636,0.0
@FoxNews,".@EmmanuelMacron: ""We can build the 21st century world order based on a new breed of multilateralism, based on a mo‚Ä¶ https://t.co/SWwhSGEBt9",04/25/18,0.0,0.0,1.0,0.0
@FoxNews,".@EmmanuelMacron: ""Personally, if you ask me, I do not share the fascination for new strong powers, the abandonment‚Ä¶ https://t.co/zdcRXx1GWp",04/25/18,-0.056,0.145,0.657,0.198
@FoxNews,".@EmmanuelMacron: ""Today, the international community needs to step up our game and build the 21st century world or‚Ä¶ https://t.co/q85MgGBrn8",04/25/18,0.0,0.0,1.0,0.0
@FoxNews,".@EmmanuelMacron: ""We elected officials all share the responsibility to demonstrate the democracy remains the best‚Ä¶ https://t.co/XQ7Fgx0sTj",04/25/18,0.296,0.128,0.872,0.0
@FoxNews,"JUST IN: Dallas Police Officer Rogelio Santander died Wednesday, a day after he was shot at a Home Depot, the city'‚Ä¶ https://t.co/O9Q5Vw2Tdb",04/25/18,-0.557,0.0,0.841,0.159
@FoxNews,".@EmmanuelMacron: ""We must remember the warning of President Theodore Roosevelt: Freedom is never more than one gen‚Ä¶ https://t.co/tH2pVSBrfV",04/25/18,0.421,0.186,0.708,0.106
@FoxNews,".@EmmanuelMacron: ""The United States is France's first scientific partner. Our economic ties create hundreds of tho‚Ä¶ https://t.co/0ga4798jAC",04/25/18,0.599,0.246,0.754,0.0
@FoxNews,".@EmmanuelMacron: ""Women's rights have long been a fundamental driver for our societies on both sides of the Atlant‚Ä¶ https://t.co/2B8j3RNNOO",04/25/18,0.0,0.0,1.0,0.0
@FoxNews,".@EmmanuelMacron: ""African-American leaders, artists, writers... have become a part of our common heritage. We cele‚Ä¶ https://t.co/cY9w9EQnRE",04/25/18,0.0,0.0,1.0,0.0
@FoxNews,".@EmmanuelMacron: ""We stand together in Syria."" https://t.co/a2xjPVfLVs",04/25/18,0.0,0.0,1.0,0.0
@FoxNews,".@EmmanuelMacron: ""Since 1776, we, the American and French people, have had a rendezvous with freedom."" https://t.co/edJDuShtp8",04/25/18,0.0,0.0,1.0,0.0
@FoxNews,".@EmmanuelMacron: ""The strength of our bonds is the source of our shared ideals."" https://t.co/bQagN9N87z",04/25/18,0.681,0.318,0.682,0.0
@FoxNews,".@EmmanuelMacron: ""Let me thank @POTUS and @FLOTUS for this wonderful invitation to my wife and to myself."" https://t.co/ZdTZN33nU0",04/25/18,0.783,0.301,0.699,0.0
@FoxNews,".@EmmanuelMacron: ""[Benjamin Franklin and Voltaire] embraced each other by hugging one another in their arms and ki‚Ä¶ https://t.co/zzirxEyiWB",04/25/18,0.421,0.141,0.859,0.0
@FoxNews,".@EmmanuelMacron: ""We have fought shoulder to shoulder in many battles... We have worked together for the universal‚Ä¶ https://t.co/IWw6pKybfq",04/25/18,-0.318,0.0,0.881,0.119
@FoxNews,".@EmmanuelMacron: ""France has participated with heart in hand in the story of this great nation from the very begin‚Ä¶ https://t.co/RojtRTdIUW",04/25/18,0.843,0.31,0.69,0.0
@FoxNews,".@EmmanuelMacron: ""It is an honor for France, for the French people, and for me to be received in this sanctuary of‚Ä¶ https://t.co/7cHbMoq0ax",04/25/18,0.494,0.132,0.868,0.0
@FoxNews,MOMENTS AWAY: French President @EmmanuelMacron's address before a joint meeting of Congress - For full live coverag‚Ä¶ https://t.co/rQ5YDwRMpd,04/25/18,0.0,0.0,1.0,0.0
@FoxNews,".@PressSec: ""Washington has become so broken that they focus so much on destroying people."" https://t.co/p4mme5B0qa",04/25/18,-0.834,0.0,0.623,0.377
@FoxNews,".@marcthiessen: ""I never thought I'd see the day where our greatest ally in Europe was France... I'm old enough to‚Ä¶ https://t.co/LewvSUB8QK",04/25/18,0.637,0.174,0.826,0.0
@FoxNews,MOMENTS AWAY: French President @EmmanuelMacron's address before a joint meeting of Congress - For full live coverag‚Ä¶ https://t.co/NXGp9GlKRw,04/25/18,0.0,0.0,1.0,0.0
@FoxNews,French President @EmmanuelMacron addresses a Joint Meeting of Congress. https://t.co/pUKypiJhXS,04/25/18,0.0,0.0,1.0,0.0
@FoxNews,"Moments ago, President @realDonaldTrump praised @FLOTUS Melania Trump for her ""spectacular job"" hosting French Pres‚Ä¶ https://t.co/oMVNfW7cxS",04/25/18,0.494,0.176,0.824,0.0
@FoxNews,"HAPPENING NOW: Manhunt underway after sheriff's deputy killed, suspect considered armed and dangerous.‚Ä¶ https://t.co/dxzQ6CKYMn",04/25/18,-0.772,0.0,0.642,0.358
@FoxNews,JUST IN: Maine officer shot and killed responding to robbery https://t.co/x7iDKJ6Hga,04/25/18,-0.67,0.0,0.69,0.31
@FoxNews,".@SenatorRounds: ""I hope Mr. Jackson is able to survive this challenge, but nonetheless, we have to do our job."" https://t.co/xXNDJyMl4d",04/25/18,0.282,0.148,0.852,0.0
@FoxNews,".@RandPaul: ""I sincerely am trying to end these wars. I'm trying to get them over - and I'll do what it takes."" https://t.co/8wkS6uvDl1",04/25/18,-0.128,0.116,0.749,0.135
@FoxNews,Documents provided to Fox News show Dr. Ronny Jackson received glowing praise for his work as White House physician‚Ä¶ https://t.co/bq35LJozTq,04/25/18,0.557,0.159,0.841,0.0
@FoxNews,Customer in cowboy hat helps thwart armed robbery at a Monterrey butcher shop https://t.co/V0Wl4Wr7s1,04/25/18,0.382,0.178,0.822,0.0
@FoxNews,"RT @FoxBusiness: A new Melania Trump exhibit at @MadameTussauds in New York opens today, and Fox Business got an exclusive preview. https:/‚Ä¶",04/25/18,0.128,0.07,0.93,0.0
@FoxNews,.@michellemalkin on @foxandfriends: ‚ÄúIt has to be comprehensive immigration enforcement reform that we adopt.‚Äù https://t.co/LFyCto3KNG,04/25/18,0.25,0.125,0.875,0.0
@FoxNews,'Simpsons' star Hank Azaria says he's 'willing' to step aside amid Apu controversy https://t.co/bs6yw6oO1u,04/25/18,0.0,0.0,1.0,0.0
@FoxNews,Finland to end its universal basic income program by year's end https://t.co/SZUgvw7SbC,04/25/18,0.0,0.0,1.0,0.0
@FoxNews,"Reparations, income handouts, guaranteed jobs: Dems tilt hard left with new pet projects https://t.co/WT8R4RPnTb",04/25/18,-0.103,0.0,0.903,0.097
@FoxNews,"Dallas police officer in 'grave condition,' another 'critical' after Home Depot shooting, official says (via‚Ä¶ https://t.co/SmFBoBeBDt",04/25/18,-0.382,0.0,0.852,0.148
@FoxNews,.@kayleighmcenany: ‚ÄúThe Trump economy is about empowering the American taxpayer.‚Äù https://t.co/Qkb6d3y7Zz,04/25/18,0.0,0.0,1.0,0.0
@FoxNews,".@JessicaTarlov: ‚ÄúGo for the economy and healthcare, not Trump impeachment.‚Äù https://t.co/ZYC1Nc13uH",04/25/18,0.0,0.0,1.0,0.0
@FoxNews,Who is Debbie Lesko? 3 things to know about Arizona's newest congresswoman https://t.co/9sWbGcRbqo,04/25/18,0.0,0.0,1.0,0.0
@FoxNews,Kim Wall killer Peter Madsen sentenced to life in prison (via @travfed)  https://t.co/lodIfqZV1n,04/25/18,-0.827,0.0,0.535,0.465
@FoxNews,Alfie Evans' family loses appeal to transport terminally ill British toddler to Rome https://t.co/Zx1Sz5xYQR,04/25/18,-0.625,0.0,0.702,0.298
@FoxNews,Officers stand guard during a memorial service for Gilchrist County sheriff's officers Sgt. Noel Ramirez and Deputy‚Ä¶ https://t.co/ZtOgtZcOGI,04/25/18,0.0,0.0,1.0,0.0
@FoxNews,"Kanye West  abruptly fires manager Scooter Braun, fears about his health emerge https://t.co/Rlz63J4JOu",04/25/18,-0.421,0.0,0.811,0.189
@FoxNews,.@seanspicer: ‚ÄúThe first lady knocked it out of the park again. What an amazing state dinner.‚Äù https://t.co/nsh3Zf5WhB,04/25/18,0.586,0.192,0.808,0.0
@nytimes,"‚ÄúLet us face it: There is no Planet B,‚Äù President Macron said. ‚ÄúLet us work together in order to make our planet gr‚Ä¶ https://t.co/iqjcBr2gZX",04/25/18,-0.296,0.0,0.913,0.087
@nytimes,"Emmanuel Macron spoke critically of Trump's foreign policy, trade and environmental decisions in a speech to Congre‚Ä¶ https://t.co/Q3VmLsl41N",04/25/18,0.0,0.0,1.0,0.0
@nytimes,Comcast is in a takeover battle with Rupert Murdoch‚Äôs 21st Century Fox for control over the British satellite broad‚Ä¶ https://t.co/CYRT8r1Msl,04/25/18,-0.382,0.0,0.874,0.126
@nytimes,"Scott Pruitt may blame his staff when Congress grills him Thursday on spending and ethics, an internal EPA memo sho‚Ä¶ https://t.co/wK3cLsqoBU",04/25/18,-0.34,0.0,0.893,0.107
@nytimes,Sarah Huckabee Sanders said she was ‚Äúnot going to go line by line on every outrageous thing out there right now‚Äù https://t.co/f8PS4a2aP8,04/25/18,-0.459,0.0,0.875,0.125
@nytimes,"Jeff Sessions has gone from, in Trump‚Äôs words, ‚Äúa great protector of the people‚Äù to ‚Äúweak,‚Äù ‚Äúdisgraceful‚Äù and an ‚Äúi‚Ä¶ https://t.co/ZVwturJpp3",04/25/18,0.625,0.17,0.83,0.0
@nytimes,New rules for elite female track athletes with high testosterone levels: Lower your levels with medicine or compete‚Ä¶ https://t.co/7HnLNy9yXn,04/25/18,-0.296,0.0,0.891,0.109
@nytimes,"In Opinion

Op-Ed columnist @DLeonhardt asked Times readers to list which voices and points of view are missing in‚Ä¶ https://t.co/Pnpx5Km4RM",04/25/18,-0.296,0.0,0.896,0.104
@nytimes,RT @jakesilverstein: Excited (and slightly worried) to be launching this new video series where @GailBichler and talk about how the @NYTmag‚Ä¶,04/25/18,0.34,0.107,0.893,0.0
@nytimes,Republicans lost support in every special election since Trump became president https://t.co/bZmWsGGXAO,04/25/18,0.477,0.323,0.539,0.138
@nytimes,‚ÄúThe judgment will definitely create fear in the minds of those who think that they can get away with something lik‚Ä¶ https://t.co/ZweL9ZGV4v,04/25/18,0.153,0.178,0.704,0.119
@nytimes,An Indian court sentenced an influential guru to life in prison for the rape of a teenage girl https://t.co/94wW6NqBIN,04/25/18,-0.735,0.112,0.538,0.35
@nytimes,"""We need to stop thinking of Silicon Valley and New York as the centers of the world; there are now many others. Ch‚Ä¶ https://t.co/rHH7jMXJW9",04/25/18,-0.296,0.0,0.913,0.087
@nytimes,"What ""Schoolhouse Rock!"" jingle has stuck with you all these years? https://t.co/w5c5bl0nFQ",04/25/18,-0.316,0.0,0.828,0.172
@nytimes,Japan has lodged an official complaint about the mango mousse that South Korea plans to serve Kim Jong-un. What mig‚Ä¶ https://t.co/SdvFfB1m7P,04/25/18,-0.296,0.0,0.901,0.099
@nytimes,"RT @EnnisNYT: In China, if you‚Äôre a woman with an engineering degree, you can get a job that essentially consists of cheering on male coder‚Ä¶",04/25/18,0.511,0.13,0.87,0.0
@nytimes,Alcohol abuse among some in the Federal Air Marshal Service is so rampant that the TSA has had to monitor whether t‚Ä¶ https://t.co/QdsoQL8MUW,04/25/18,-0.637,0.0,0.84,0.16
@nytimes,RT @EricLiptonNYT: JUST POSTED: Internal EPA document obtained by NYT details key strategy for Scott Pruitt as he faces two House hearings‚Ä¶,04/25/18,0.0,0.0,1.0,0.0
@nytimes,"""Avengers: Infinity War"" makes little sense on its own, our critic writes. But the cosmos belongs to Marvel now. We‚Ä¶ https://t.co/Kz5cWns0JS",04/25/18,-0.494,0.104,0.672,0.224
@nytimes,"A Dallas police officer died one day after he, another officer and a store security guard were shot at a Home Depot https://t.co/EfNrM8q72N",04/25/18,-0.296,0.1,0.75,0.15
@nytimes,"RT @MichaelPaulson: Sara Krulwich, a pioneering theater photographer for @nytimes, is being recognized by @TheTonyAwards with a 2018 Tony H‚Ä¶",04/25/18,0.0,0.0,1.0,0.0
@nytimes,One of the greatest living English playwrights hasn't granted a real interview in decades. But she's ready to talk‚Ä¶ https://t.co/LA1PXkC2nH,04/25/18,0.715,0.274,0.655,0.071
@nytimes,"Madonna has lost a legal battle to prevent the auction of a letter from her former boyfriend, the rapper Tupac Shak‚Ä¶ https://t.co/InKOc4vh3j",04/25/18,-0.511,0.111,0.681,0.209
@nytimes,"‚ÄúThe idea that anyone, young or old, past or present, was bullied or teased based on the character of Apu, it just‚Ä¶ https://t.co/5zBHHYfqvT",04/25/18,-0.743,0.0,0.769,0.231
@nytimes,"Breaking News: A suspect was arrested in the case of the Golden State Killer, the serial murderer and rapist who te‚Ä¶ https://t.co/U5LpRcq5nr",04/25/18,-0.964,0.0,0.456,0.544
@nytimes,Here are the most biting comments NFL owners made about President Trump https://t.co/872FBzLfBo,04/25/18,0.0,0.0,1.0,0.0
@nytimes,"Philadelphia Eagles defensive end Chris Long, on Colin Kaepernick: ‚ÄúWe all agree in this room as players that he sh‚Ä¶ https://t.co/sCLeUEslD7",04/25/18,0.382,0.159,0.841,0.0
@nytimes,The Buffalo Bills owner Terry Pegula said he thought the league was battling a perception and ‚Äúmedia problem‚Äù‚Ä¶ https://t.co/H8P5FfTnwQ,04/25/18,-0.273,0.0,0.89,0.11
@nytimes,"The Houston Texans owner Bob McNair urged the players to tell their colleagues to, essentially, knock off the kneel‚Ä¶ https://t.co/ghnQAWBj2g",04/25/18,0.0,0.0,1.0,0.0
@nytimes,The owners were particularly eager to find a way to avoid further public rebukes from Trump https://t.co/872FBzLfBo https://t.co/TNMsN5Cyrh,04/25/18,0.151,0.14,0.75,0.11
@nytimes,Exclusive: NFL owners and players discussed President Trump and Colin Kaepernick at a private meeting in October. T‚Ä¶ https://t.co/BshkPnlg0S,04/25/18,0.128,0.081,0.919,0.0
@nytimes,Breaking News: The Supreme Court heard a challenge to the Trump travel ban. The arguments suggested there aren't 5‚Ä¶ https://t.co/PVsKVMM5K7,04/25/18,-0.34,0.187,0.573,0.24
@nytimes,"Marine Lance Cpl. Maximilian Uriarte draws all of his comics by hand, using digital devices and software https://t.co/Tp53kSKhVm",04/25/18,0.494,0.158,0.842,0.0
@nytimes,The Marine Corps likes to present itself with dutiful seriousness. @TerminalLance is a counterpoint to that. It is‚Ä¶ https://t.co/Oc77xAiYF1,04/25/18,0.382,0.14,0.8,0.06
@nytimes,What started out as a relaxing day at a Pennsylvania golf course turned into an ugly confrontation https://t.co/f6Tg03mu6U,04/25/18,-0.34,0.147,0.596,0.257
@nytimes,"Bill Cosby‚Äôs first trial ended in a hung jury last June. As the jury in his retrial begins deliberations today, her‚Ä¶ https://t.co/X17z8o84zs",04/25/18,0.0,0.0,1.0,0.0
@nytimes,"RT @nytimesbooks: Is James Comey's book a hit? Here are the numbers.
https://t.co/SpDMLR3kJR",04/25/18,0.0,0.0,1.0,0.0
@nytimes,The MSNBC host Joy Reid said that anti-gay posts from a blog she used to operate were created by hackers https://t.co/GJN00GY5jC,04/25/18,0.7,0.244,0.756,0.0
@nytimes,RT @kzernike: F.D.A. wants to know if Juul is intentionally marketing to teenagers - despite what the company says  https://t.co/ie5rWEOFBe,04/25/18,0.0,0.0,1.0,0.0
@nytimes,A suspect was arrested in the shooting of 2 Dallas police officers who were critically wounded outside a Home Depot https://t.co/RuaX2YDihg,04/25/18,-0.649,0.0,0.751,0.249
@nytimes,Pope Francis will host three victims of sexual abuse at the Vatican hotel where he lives to ask their forgiveness https://t.co/XwRNdDCtBu,04/25/18,-0.66,0.079,0.677,0.244
@nytimes,"RT @nytimesworld: Thanks to a donation of $50 million from the United Arab Emirates, one of the Iraqi city of Mosul's most renowned landmar‚Ä¶",04/25/18,0.691,0.213,0.787,0.0
@nytimes,"It was ""a case so heinous and repulsive that as a prosecutor, it renders you speechless"" https://t.co/CyM3OedHwn",04/25/18,0.0,0.0,1.0,0.0
@nytimes,"RT @nytpolitics: Debbie Lesko, a strong supporter of President Trump, has won a House seat in Arizona https://t.co/AkCA9pShuE https://t.co/‚Ä¶",04/25/18,0.844,0.394,0.606,0.0
@nytimes,"An NCAA commission proposed college basketball reforms, including ending the practice of playing only one season be‚Ä¶ https://t.co/CmMqkecrhy",04/25/18,0.202,0.096,0.904,0.0
@nytimes,"""We slowly stopped doing things for them and guided them in learning how to do them for themselves"" https://t.co/1lkWgD3CfZ",04/25/18,-0.226,0.0,0.905,0.095
@nytimes,The chief of the Madrid regional government resigned  after a website posted video that appeared to show her being‚Ä¶ https://t.co/yvtT83u0Qa,04/25/18,-0.25,0.0,0.9,0.1
@nytimes,"You might ask, ‚ÄúWhy does it take 7 people to write a song that sounds like it came from a computer?‚Äù But ‚ÄúThe Middl‚Ä¶ https://t.co/2FQUWwCbmo",04/25/18,0.361,0.106,0.894,0.0
@nytimes,Morning Briefing: Here's what you need to know to start your day https://t.co/PKop22jc57 https://t.co/e5k5y7FTmX,04/25/18,0.0,0.0,1.0,0.0
@nytimes,"Don Blankenship is running for the United States Senate as a proud West Virginian with Appalachian roots, but his p‚Ä¶ https://t.co/mAaHubgHtW",04/25/18,0.45,0.18,0.82,0.0
@nytimes,Stephen Colbert and other late-night hosts struggled with what to make of the relationship between Trump and Macron https://t.co/YoMu6p6R3J,04/25/18,-0.34,0.0,0.882,0.118
@nytimes,Twitter‚Äôs stock has more than doubled in value in the past 12 months as the company has undergone a perception shif‚Ä¶ https://t.co/MxIhhh2yBh,04/25/18,0.34,0.107,0.893,0.0
@nytimes,"Your daily @DealBook Briefing:

‚Ä¢ The fight for Sky is officially on.¬†

‚Ä¢ Stocks have fallen for the fourth day in‚Ä¶ https://t.co/FdEPluftuj",04/25/18,-0.625,0.0,0.779,0.221
@nytimes,A memorial in Alabama demands a reckoning with one of America's least recognized atrocities: the lynching of thousa‚Ä¶ https://t.co/dd30msa398,04/25/18,0.0,0.0,1.0,0.0
@nytimes,Analysts said that Japan's biggest worry might be an impulsive desire on President Trump's part to declare a quick‚Ä¶ https://t.co/beCSpY6HC8,04/25/18,-0.052,0.119,0.752,0.128
@nytimes,"The nomination of Ronny Jackson, President Trump's personal doctor, as the next head of Veterans Affairs has come t‚Ä¶ https://t.co/MGC3Xlw88F",04/25/18,0.0,0.0,1.0,0.0
@nytimes,"A Danish inventor has been sentenced to life in prison for killing Kim Wall, a journalist. Prosecutors said he tort‚Ä¶ https://t.co/dMmyAik3id",04/25/18,-0.832,0.0,0.645,0.355
@nytimes,RT @nytgraphics: Republicans have lost support in every special congressional election since Donald J. Trump became president. https://t.co‚Ä¶,04/25/18,0.477,0.238,0.661,0.101
@nytimes,On the table are issues that have bedeviled the Korean Peninsula for much of the 20th century https://t.co/Jb9BnQVzhW,04/25/18,0.0,0.0,1.0,0.0
@nytimes,"""President Duterte never disclosed to the public that his supposed rehabilitation plan includes deployment of polic‚Ä¶ https://t.co/RFvDAexq2h",04/25/18,0.0,0.0,1.0,0.0
@nytimes,Morning¬†Briefing: Here's what you need to know to start your day https://t.co/SuOMWXrd8p https://t.co/UGH5GsBmHk,04/25/18,0.0,0.0,1.0,0.0
@nytimes,"The first female statue was unveiled in London's historic Parliament Square, after 11 male statues ‚Äî mostly of whit‚Ä¶ https://t.co/SyQRdmGeNA",04/25/18,0.0,0.0,1.0,0.0
@nytimes,"Renford McIntyre was just a child when he left Jamaica to join his parents in Britain. At the age of 60, he was dec‚Ä¶ https://t.co/yCmNiM3DYV",04/25/18,0.296,0.087,0.913,0.0
@nytimes,They blame women for denying them their right to sexual intercourse. Here's a brief guide to the incel community: https://t.co/V2KGVljfER,04/25/18,-0.586,0.0,0.78,0.22
@nytimes,"Before rushing toward the suspect, or firing his gun, Constable Lam did something else: He paused, walked briskly b‚Ä¶ https://t.co/RSvTZxXz3a",04/25/18,-0.718,0.0,0.708,0.292
@nytimes,WhatsApp is raising its minimum age from 13 to 16 in Europe to help it comply with new data privacy rules coming in‚Ä¶ https://t.co/khr5JIllnP,04/25/18,0.402,0.105,0.895,0.0
@nytimes,"""Arthur is still the clear favorite,"" said a public relations representative for Britain's biggest betting company https://t.co/V5Gy4SjMg4",04/25/18,0.382,0.148,0.852,0.0
@nytimes,"""It used to be a pretty good deal to be a white, Christian male in America, but things have changed and I think the‚Ä¶ https://t.co/0C3Qb9t6GX",04/25/18,0.468,0.168,0.832,0.0
@nytimes,Their body language went beyond the usual respectful handshakes of two world leaders meeting for high-level talks https://t.co/DMZCHh2e4Q,04/25/18,0.459,0.15,0.85,0.0
@nytimes,The American-led air campaign to defeat the remnants of ISIS in eastern Syria lost its main ground force. Now it is‚Ä¶ https://t.co/CsPIbQHfoC,04/25/18,-0.649,0.0,0.791,0.209
@nytimes,"After nearly 200 years and 11 statues of men, Parliament Square in London has its first statue of a woman: the suff‚Ä¶ https://t.co/jlfObszR4L",04/25/18,0.0,0.0,1.0,0.0
@nytimes,"Finland's test of universal basic income ‚Äì free money, no strings attached ‚Äì will end this year. What did the natio‚Ä¶ https://t.co/fuwESa8aVM",04/25/18,0.273,0.14,0.766,0.094
@nytimes,Greek authorities and human rights groups say they fear rising tensions and more conflicts on the eastern Aegean Is‚Ä¶ https://t.co/PRgpodLmjc,04/25/18,-0.831,0.0,0.659,0.341
@nytimes,Wheels: Cars That Will Get Your Grad Down the Road of Life https://t.co/eKntgtZXYQ,04/25/18,0.0,0.0,1.0,0.0
@nytimes,Statements by the United States and North Korea suggest that they are not just driving at different goals. They may‚Ä¶ https://t.co/L7FBZduyhf,04/25/18,0.421,0.123,0.877,0.0
@nytimes,"""I'm an ardent advocate for the Second Amendment, and none of those gun safety measures threaten any of those thing‚Ä¶ https://t.co/hSjzYr5hgH",04/25/18,0.653,0.288,0.617,0.094
@nytimes,Melania Trump's hat was not an accidental accessory https://t.co/ALAbJlf6Ap,04/25/18,0.057,0.133,0.867,0.0
@nytimes,"The FDA announced a major crackdown on the vaping industry, particularly on the trendy Juul devices, aimed at curbi‚Ä¶ https://t.co/uDMZ8MooET",04/25/18,0.0,0.0,1.0,0.0
@nytimes,RT @arappeport: Can Steven Mnuchin stave off a trade war? He‚Äôs heading to China to find out. https://t.co/tBxzezgdsT,04/25/18,-0.599,0.0,0.804,0.196
@nytimes,"During an arrest, 3 white police officers threw a black woman to the ground, threatened to break her arm, placed a‚Ä¶ https://t.co/Gqk2RXLk2G",04/25/18,-0.66,0.0,0.769,0.231
@nytimes,"RT @CoralMDavenport: If Inhofe is now questioning Pruitt, it ‚Äúmeans Pruitt is in big trouble.‚Äù https://t.co/hVfixaHW7E",04/25/18,-0.103,0.0,0.915,0.085
@nytimes,"Constable Ken Lam turned off his siren, calmly ordered the man to get down and placed him under arrest https://t.co/zhKwUdR5Vf",04/25/18,-0.026,0.101,0.793,0.106
@nytimes,RT @elizabethjdias: The conservative Christian coalition that ushered Trump into power has big plans for the midterms. Latest w/ @jwpetersN‚Ä¶,04/25/18,0.0,0.0,1.0,0.0
@nytimes,"The guest list for Trump and Macron‚Äôs state dinner 
https://t.co/wsLGHZ5XBR",04/25/18,0.0,0.0,1.0,0.0
@nytimes,Finland Has Second Thoughts About Giving Free Money to Jobless People https://t.co/Bi5A8y0YAM,04/25/18,0.691,0.363,0.637,0.0
@nytimes,"Debbie Lesko, a former Republican state senator in Arizona, won a special congressional election, according to The‚Ä¶ https://t.co/KiutG0Prv1",04/25/18,0.751,0.314,0.686,0.0
@nytimes,"Here's the 2018 election calendar
https://t.co/nSL0IZK5dG",04/25/18,0.0,0.0,1.0,0.0
@nytimes,"The New York Times movie review of ""Avengers: Infinity War"" https://t.co/AfJGYQQkrg",04/25/18,-0.599,0.0,0.719,0.281
@nytimes,"RT @Nate_Cohn: Debbie Lesko is the projected winner in AZ-8, according to the AP. That's basically just a mathematical call, on the assumpt‚Ä¶",04/25/18,0.586,0.153,0.847,0.0
@nytimes,"RT @nytgraphics: Republican Debbie Lesko has won the special election for Arizona's 8th House district.
https://t.co/5SuiKk1b9a https://t.c‚Ä¶",04/25/18,0.751,0.299,0.701,0.0
@nytimes,First election results are coming in from Arizona. Follow the vote here. https://t.co/XZqj0gS9q0,04/25/18,0.0,0.0,1.0,0.0
@nytimes,"RT @Nate_Cohn: We're just a few minutes away from getting the mail absentee vote in AZ-8, which could be more than 80 percent of ballots ca‚Ä¶",04/25/18,-0.273,0.0,0.92,0.08
@nytimes,Who will win the Arizona special election? Keep this page open for live results when they come in. https://t.co/yNXIHmhSo4,04/25/18,0.758,0.277,0.723,0.0
@nytimes,"The FDA announced a major crackdown on the vaping industry, particularly on the trendy Juul devices, aimed at curbi‚Ä¶ https://t.co/LTehJCvgPB",04/25/18,0.0,0.0,1.0,0.0
@nytimes,"RT @nytgraphics: Results in the Arizona special election are expected to start coming in around 11:05 ET. We'll update them live here:
http‚Ä¶",04/25/18,0.402,0.109,0.891,0.0
@nytimes,Here's what makes the special election in Arizona interesting https://t.co/43s8r6U3A0,04/25/18,0.66,0.403,0.597,0.0
@nytimes,"RT @nytopinion: Ronny Jackson tidily reflects many of Trump‚Äôs disturbing tropisms: his obsession with looks, his disregard for experience a‚Ä¶",04/25/18,-0.778,0.0,0.685,0.315
@nytimes,Video: A 7-year veteran of the Toronto police defused a standoff with the suspect of a van rampage that left 10 dea‚Ä¶ https://t.co/9aewnNYglq,04/25/18,-0.296,0.0,0.896,0.104
@nytimes,Judge John D. Bates of Federal District Court for the District of Columbia said the government‚Äôs decision to end th‚Ä¶ https://t.co/C9jhEBv5f8,04/25/18,0.0,0.0,1.0,0.0
@nytimes,"Breaking News: The DACA program, which protects young immigrants, must resume and accept new applicants, a judge ru‚Ä¶ https://t.co/i6sx3mvJN1",04/25/18,0.599,0.234,0.766,0.0
